product_line_id,media_id,media_role,display_order
1,138,Gallery,1
1,139,Gallery,2
1,140,Gallery,3
1,142,Main,1
2,115,Gallery,1
2,116,Gallery,2
2,117,Gallery,3
2,118,Gallery,4
2,120,Main,1
3,108,Gallery,1
3,109,Gallery,2
3,110,Gallery,3
3,111,Gallery,4
3,112,Gallery,5
3,114,Main,1
4,172,Gallery,1
4,173,Gallery,2
4,175,Main,1
5,238,Gallery,1
5,239,Gallery,2
5,240,Gallery,3
5,241,Gallery,4
5,243,Main,1
6,244,Gallery,1
6,245,Gallery,2
6,246,Gallery,3
6,248,Main,1
7,235,Gallery,1
7,237,Main,1
8,355,Gallery,1
8,356,Gallery,2
8,357,Gallery,3
8,359,Main,1
9,360,Gallery,1
9,361,Gallery,2
9,363,Main,1
10,379,Gallery,1
10,380,Gallery,2
10,381,Gallery,3
10,383,Main,1
11,151,Gallery,1
11,152,Gallery,2
11,153,Gallery,3
11,155,Main,1
12,134,Gallery,1
12,135,Gallery,2
12,137,Main,1
13,121,Gallery,1
13,122,Gallery,2
13,123,Gallery,3
13,125,Main,1
14,184,Gallery,1
14,185,Gallery,2
14,187,Main,1
15,180,Gallery,1
15,181,Gallery,2
15,183,Main,1
16,191,Gallery,1
16,192,Gallery,2
16,193,Gallery,3
16,194,Gallery,4
16,196,Main,1
17,257,Gallery,1
17,259,Main,1
18,263,Gallery,1
18,264,Gallery,2
18,266,Main,1
19,296,Gallery,1
19,297,Gallery,2
19,298,Gallery,3
19,300,Main,1
20,351,Gallery,1
20,352,Gallery,2
20,354,Main,1
21,418,Gallery,1
21,419,Gallery,2
21,421,Main,1
22,156,Gallery,1
22,158,Main,1
23,83,Gallery,1
23,84,Gallery,2
23,86,Main,1
24,87,Gallery,1
24,88,Gallery,2
24,89,Gallery,3
24,90,Gallery,4
24,92,Main,1
25,143,Gallery,1
25,144,Gallery,2
25,145,Gallery,3
25,146,Gallery,4
25,147,Gallery,5
25,148,Gallery,6
25,150,Main,1
26,126,Gallery,1
26,127,Gallery,2
26,129,Main,1
27,97,Gallery,1
27,98,Gallery,2
27,99,Gallery,3
27,101,Main,1
28,159,Gallery,1
28,161,Main,1
29,188,Gallery,1
29,190,Main,1
30,253,Gallery,1
30,254,Gallery,2
30,256,Main,1
31,260,Gallery,1
31,262,Main,1
32,267,Gallery,1
32,269,Main,1
33,346,Gallery,1
33,347,Gallery,2
33,348,Gallery,3
33,350,Main,1
34,37,Gallery,1
34,38,Gallery,2
34,39,Gallery,3
34,40,Gallery,4
34,41,Gallery,5
34,43,Main,1
35,31,Gallery,1
35,32,Gallery,2
35,33,Gallery,3
35,34,Gallery,4
35,36,Main,1
36,44,Gallery,1
36,45,Gallery,2
36,47,Main,1
37,48,Gallery,1
37,49,Gallery,2
37,50,Gallery,3
37,52,Main,1
38,422,Gallery,1
38,423,Gallery,2
38,425,Main,1
39,426,Gallery,1
39,428,Main,1
40,429,Gallery,1
40,430,Gallery,2
40,432,Main,1
41,433,Gallery,1
41,435,Main,1
42,531,Gallery,1
42,532,Gallery,2
42,534,Main,1
43,573,Gallery,1
43,574,Gallery,2
43,576,Main,1
44,558,Gallery,1
44,559,Gallery,2
44,560,Gallery,3
44,562,Main,1
45,582,Gallery,1
45,583,Gallery,2
45,584,Gallery,3
45,585,Gallery,4
45,586,Gallery,5
45,587,Gallery,6
45,589,Main,1
46,637,Gallery,1
46,638,Gallery,2
46,639,Gallery,3
46,640,Gallery,4
46,642,Main,1
47,654,Gallery,1
47,655,Gallery,2
47,656,Gallery,3
47,657,Gallery,4
47,658,Gallery,5
47,660,Main,1
48,648,Gallery,1
48,649,Gallery,2
48,650,Gallery,3
48,651,Gallery,4
48,653,Main,1
49,661,Gallery,1
49,662,Gallery,2
49,663,Gallery,3
49,664,Gallery,4
49,665,Gallery,5
49,667,Main,1
50,668,Gallery,1
50,669,Gallery,2
50,670,Gallery,3
50,671,Gallery,4
50,672,Gallery,5
50,674,Main,1
51,675,Gallery,1
51,676,Gallery,2
51,677,Gallery,3
51,678,Gallery,4
51,680,Main,1
52,681,Gallery,1
52,682,Gallery,2
52,683,Gallery,3
52,684,Gallery,4
52,686,Main,1
53,687,Gallery,1
53,688,Gallery,2
53,689,Gallery,3
53,690,Gallery,4
53,691,Gallery,5
53,692,Gallery,6
53,694,Main,1
54,643,Gallery,1
54,644,Gallery,2
54,645,Gallery,3
54,647,Main,1
55,130,Gallery,1
55,131,Gallery,2
55,133,Main,1
56,102,Gallery,1
56,103,Gallery,2
56,104,Gallery,3
56,105,Gallery,4
56,107,Main,1
57,166,Gallery,1
57,167,Gallery,2
57,168,Gallery,3
57,169,Gallery,4
57,171,Main,1
58,197,Gallery,1
58,198,Gallery,2
58,199,Gallery,3
58,200,Gallery,4
58,201,Gallery,5
58,202,Gallery,6
58,204,Main,1
59,205,Gallery,1
59,206,Gallery,2
59,208,Main,1
60,218,Gallery,1
60,219,Gallery,2
60,221,Main,1
61,231,Gallery,1
61,232,Gallery,2
61,234,Main,1
62,281,Gallery,1
62,282,Gallery,2
62,283,Gallery,3
62,285,Main,1
63,301,Gallery,1
63,302,Gallery,2
63,303,Gallery,3
63,305,Main,1
64,324,Gallery,1
64,325,Gallery,2
64,327,Main,1
65,342,Gallery,1
65,343,Gallery,2
65,345,Main,1
66,364,Gallery,1
66,365,Gallery,2
66,367,Main,1
67,407,Gallery,1
67,408,Gallery,2
67,409,Gallery,3
67,410,Gallery,4
67,411,Gallery,5
67,413,Main,1
68,527,Gallery,1
68,528,Gallery,2
68,530,Main,1
69,777,Gallery,1
69,778,Gallery,2
69,779,Gallery,3
69,780,Gallery,4
69,782,Main,1
70,452,Gallery,1
70,453,Gallery,2
70,454,Gallery,3
70,455,Gallery,4
70,457,Main,1
71,275,Gallery,1
71,276,Gallery,2
71,277,Gallery,3
71,278,Gallery,4
71,280,Main,1
72,336,Gallery,1
72,337,Gallery,2
72,338,Gallery,3
72,339,Gallery,4
72,341,Main,1
73,384,Gallery,1
73,385,Gallery,2
73,386,Gallery,3
73,387,Gallery,4
73,389,Main,1
74,390,Gallery,1
74,391,Gallery,2
74,392,Gallery,3
74,393,Gallery,4
74,394,Main,1
75,701,Gallery,1
75,702,Gallery,2
75,703,Gallery,3
75,704,Gallery,4
75,706,Main,1
76,733,Main,1
77,729,Gallery,1
77,731,Main,1
78,734,Gallery,1
78,735,Gallery,2
78,737,Main,1
79,750,Gallery,1
79,751,Gallery,2
79,752,Gallery,3
79,753,Gallery,4
79,754,Gallery,5
79,755,Gallery,6
79,757,Main,1
80,758,Gallery,1
80,759,Gallery,2
80,760,Gallery,3
80,761,Gallery,4
80,762,Gallery,5
80,764,Main,1
81,23,Gallery,1
81,24,Gallery,2
81,25,Gallery,3
81,26,Gallery,4
81,27,Gallery,5
81,28,Gallery,6
81,30,Main,1
82,436,Gallery,1
82,437,Gallery,2
82,438,Gallery,3
82,440,Main,1
83,445,Gallery,1
83,446,Gallery,2
83,447,Gallery,3
83,448,Gallery,4
83,449,Gallery,5
83,451,Main,1
84,476,Gallery,1
84,477,Gallery,2
84,478,Gallery,3
84,479,Gallery,4
84,481,Main,1
85,472,Gallery,1
85,473,Gallery,2
85,475,Main,1
86,482,Gallery,1
86,483,Gallery,2
86,484,Gallery,3
86,485,Gallery,4
86,487,Main,1
87,488,Gallery,1
87,489,Gallery,2
87,490,Gallery,3
87,492,Main,1
88,493,Gallery,1
88,494,Gallery,2
88,495,Gallery,3
88,497,Main,1
89,498,Gallery,1
89,499,Gallery,2
89,500,Gallery,3
89,501,Gallery,4
89,503,Main,1
90,504,Gallery,1
90,505,Gallery,2
90,506,Gallery,3
90,507,Gallery,4
90,509,Main,1
91,535,Gallery,1
91,536,Gallery,2
91,537,Gallery,3
91,538,Gallery,4
91,539,Gallery,5
91,540,Gallery,6
91,542,Main,1
92,543,Gallery,1
92,544,Gallery,2
92,545,Gallery,3
92,546,Gallery,4
92,547,Gallery,5
92,549,Main,1
93,569,Gallery,1
93,570,Gallery,2
93,572,Main,1
94,577,Gallery,1
94,578,Gallery,2
94,579,Gallery,3
94,581,Main,1
95,590,Gallery,1
95,591,Gallery,2
95,592,Gallery,3
95,593,Gallery,4
95,594,Gallery,5
95,596,Main,1
96,597,Gallery,1
96,598,Gallery,2
96,599,Gallery,3
96,600,Gallery,4
96,602,Main,1
97,612,Gallery,1
97,613,Gallery,2
97,614,Gallery,3
97,616,Main,1
98,617,Gallery,1
98,618,Gallery,2
98,619,Gallery,3
98,621,Main,1
99,738,Gallery,1
99,739,Gallery,2
99,741,Main,1
100,742,Gallery,1
100,743,Gallery,2
100,744,Gallery,3
100,746,Main,1
101,53,Gallery,1
101,54,Gallery,2
101,55,Gallery,3
101,56,Gallery,4
101,57,Gallery,5
101,58,Gallery,6
101,59,Gallery,7
101,60,Gallery,8
101,61,Gallery,9
101,62,Gallery,10
101,63,Gallery,11
101,64,Gallery,12
101,65,Gallery,13
101,66,Gallery,14
101,68,Main,1
102,69,Gallery,1
102,70,Gallery,2
102,71,Gallery,3
102,72,Gallery,4
102,73,Gallery,5
102,74,Gallery,6
102,75,Gallery,7
102,76,Gallery,8
102,77,Gallery,9
102,78,Gallery,10
102,79,Gallery,11
102,80,Gallery,12
102,82,Main,1
103,458,Gallery,1
103,459,Gallery,2
103,460,Gallery,3
103,461,Gallery,4
103,462,Gallery,5
103,464,Main,1
104,465,Gallery,1
104,466,Gallery,2
104,467,Gallery,3
104,468,Gallery,4
104,469,Gallery,5
104,471,Main,1
105,550,Gallery,1
105,551,Gallery,2
105,552,Gallery,3
105,553,Gallery,4
105,554,Gallery,5
105,555,Gallery,6
105,557,Main,1
106,563,Gallery,1
106,564,Gallery,2
106,565,Gallery,3
106,566,Gallery,4
106,568,Main,1
107,603,Gallery,1
107,604,Gallery,2
107,605,Gallery,3
107,606,Gallery,4
107,607,Gallery,5
107,608,Gallery,6
107,609,Gallery,7
107,611,Main,1
108,622,Gallery,1
108,623,Gallery,2
108,624,Gallery,3
108,625,Gallery,4
108,626,Gallery,5
108,627,Gallery,6
108,628,Gallery,7
108,630,Main,1
109,695,Gallery,1
109,696,Gallery,2
109,697,Gallery,3
109,698,Gallery,4
109,700,Main,1
110,162,Gallery,1
110,163,Gallery,2
110,165,Main,1
111,249,Gallery,1
111,250,Gallery,2
111,252,Main,1
112,306,Gallery,1
112,307,Gallery,2
112,308,Gallery,3
112,309,Gallery,4
112,311,Main,1
113,403,Gallery,1
113,404,Gallery,2
113,406,Main,1
114,414,Gallery,1
114,415,Gallery,2
114,417,Main,1
115,93,Gallery,1
115,94,Gallery,2
115,96,Main,1
116,176,Gallery,1
116,177,Gallery,2
116,179,Main,1
117,209,Gallery,1
117,210,Gallery,2
117,211,Gallery,3
117,213,Main,1
118,214,Gallery,1
118,215,Gallery,2
118,217,Main,1
119,222,Gallery,1
119,223,Gallery,2
119,225,Main,1
120,226,Gallery,1
120,227,Gallery,2
120,228,Gallery,3
120,230,Main,1
121,286,Gallery,1
121,287,Gallery,2
121,288,Gallery,3
121,289,Gallery,4
121,291,Main,1
122,270,Gallery,1
122,271,Gallery,2
122,272,Gallery,3
122,274,Main,1
123,292,Gallery,1
123,293,Gallery,2
123,295,Main,1
124,312,Gallery,1
124,313,Gallery,2
124,314,Gallery,3
124,316,Main,1
125,317,Gallery,1
125,318,Gallery,2
125,319,Gallery,3
125,320,Gallery,4
125,321,Gallery,5
125,323,Main,1
126,332,Gallery,1
126,333,Gallery,2
126,335,Main,1
127,328,Gallery,1
127,329,Gallery,2
127,331,Main,1
128,368,Gallery,1
128,369,Gallery,2
128,370,Gallery,3
128,372,Main,1
129,373,Gallery,1
129,374,Gallery,2
129,375,Gallery,3
129,376,Gallery,4
129,378,Main,1
130,395,Gallery,1
130,396,Gallery,2
130,398,Main,1
131,399,Gallery,1
131,400,Gallery,2
131,402,Main,1
132,747,Gallery,1
132,749,Main,1
133,510,Gallery,1
133,511,Gallery,2
133,513,Main,1
134,631,Gallery,1
134,632,Gallery,2
134,633,Gallery,3
134,634,Gallery,4
134,636,Main,1
135,522,Gallery,1
135,523,Gallery,2
135,524,Gallery,3
135,526,Main,1
136,441,Gallery,1
136,442,Gallery,2
136,444,Main,1
137,514,Gallery,1
137,515,Gallery,2
137,516,Gallery,3
137,517,Gallery,4
137,518,Gallery,5
137,519,Gallery,6
137,521,Main,1
138,707,Gallery,1
138,708,Gallery,2
138,709,Gallery,3
138,710,Gallery,4
138,711,Gallery,5
138,712,Gallery,6
138,713,Gallery,7
138,714,Gallery,8
138,715,Gallery,9
138,717,Main,1
139,718,Gallery,1
139,719,Gallery,2
139,720,Gallery,3
139,721,Gallery,4
139,722,Gallery,5
139,723,Gallery,6
139,724,Gallery,7
139,725,Gallery,8
139,726,Gallery,9
139,728,Main,1
140,765,Gallery,1
140,766,Gallery,2
140,767,Gallery,3
140,768,Gallery,4
140,769,Gallery,5
140,770,Gallery,6
140,771,Gallery,7
140,772,Gallery,8
140,773,Gallery,9
140,774,Gallery,10
140,776,Main,1
141,12,Gallery,1
141,13,Gallery,2
141,14,Gallery,3
141,15,Gallery,4
141,16,Gallery,5
141,17,Gallery,6
141,18,Gallery,7
141,19,Gallery,8
141,20,Gallery,9
141,22,Main,1
