collection_name,color_name,line_name,description,material_name,design_style,features,usage_context,status,is_featured
Cát Điền,Hồng đậm,Áo dài Chu Bảo,"Lấy cảm hứng từ tinh thần Cát Điền, Áo dài Chu Bảo mang sắc hồng đậm duyên dáng, phom suông tay loe dài và nét đẹp quý phái và được chăm chút trong từng chi tiết.",Tơ tằm 70%,Suông tay loe dài,"Tơ tằm 70% có độ mềm mịn, nhẹ và ánh bóng tự nhiên, giúp trang phục lên dáng sang trọng nhưng vẫn tạo cảm giác thoải mái. Phần tay loe tạo độ mềm và giúp chuyển động của trang phục thêm uyển chuyển.","Dễ ứng dụng trong các dịp quan trọng như tiệc gia đình, lễ hội, trình diễn bộ sưu tập hoặc không gian mang tính truyền thống.",ACTIVE,false
Cát Điền,Đỏ,Áo dài Châu Hân – Mãn Kim,"Áo dài Châu Hân – Mãn Kim thuộc bộ sưu tập Cát Điền, nổi bật với sắc đỏ nổi bật cùng phom suông tay loe dài, gợi vẻ rực rỡ, sang trọng và có điểm nhấn ánh sắc.",Organza và Tơ tằm 70%,Suông tay loe dài,"Sự kết hợp giữa Organza và tơ tằm giúp thiết kế vừa có độ đứng cần thiết, vừa giữ được sự mềm mại, nhẹ nhàng khi chuyển động. Phần tay loe tạo độ mềm và giúp chuyển động của trang phục thêm uyển chuyển.","Dễ ứng dụng trong các dịp quan trọng như tiệc gia đình, lễ hội, trình diễn bộ sưu tập hoặc không gian mang tính truyền thống.",ACTIVE,false
Cát Điền,Vàng,Áo dài Cát Điệp,"Áo dài Cát Điệp là thiết kế áo dài gam vàng ấm với dáng suông tay loe dài, cân bằng giữa vẻ truyền thống và cảm giác mềm mại, thanh thoát và giàu chất thơ.",Tơ tằm 70%,Suông tay loe dài,"Tơ tằm 70% có độ mềm mịn, nhẹ và ánh bóng tự nhiên, giúp trang phục lên dáng sang trọng nhưng vẫn tạo cảm giác thoải mái. Phần tay loe tạo độ mềm và giúp chuyển động của trang phục thêm uyển chuyển.","Dễ ứng dụng trong các dịp quan trọng như tiệc gia đình, lễ hội, trình diễn bộ sưu tập hoặc không gian mang tính truyền thống.",ACTIVE,false
Cát Điền,Hồng,Áo dài Diệu Liên,"Áo dài Diệu Liên thuộc bộ sưu tập Cát Điền, nổi bật với sắc hồng dịu cùng phom suông tay ôm dài, gợi vẻ dịu dàng, trong trẻo và nữ tính.",Tơ tằm 70%,Suông tay ôm dài,"Thành phần tơ tằm cao mang lại bề mặt vải mượt, độ rũ đẹp và vẻ óng nhẹ đặc trưng của dòng sản phẩm cao cấp.","Phù hợp cho dịp lễ, Tết, chụp ảnh nghệ thuật, sự kiện văn hóa hoặc những buổi gặp gỡ cần vẻ ngoài trang trọng.",ACTIVE,false
Cát Điền,Vàng,Áo dài Mãn Kim,"Áo dài Mãn Kim thuộc bộ sưu tập Cát Điền, nổi bật với gam vàng ấm cùng phom suông tay loe dài, gợi vẻ rực rỡ, sang trọng và có điểm nhấn ánh sắc.",Tơ tằm 70%,Suông tay loe dài,"Tơ tằm 70% có độ mềm mịn, nhẹ và ánh bóng tự nhiên, giúp trang phục lên dáng sang trọng nhưng vẫn tạo cảm giác thoải mái. Phần tay loe tạo độ mềm và giúp chuyển động của trang phục thêm uyển chuyển.","Thích hợp khi tham dự sự kiện, chụp lookbook, đi lễ đầu năm hoặc các buổi tiệc cần phong thái thanh lịch và duyên dáng.",ACTIVE,false
Cát Điền,Hồng,Áo dài Mãn Như,"Lấy cảm hứng từ tinh thần Cát Điền, Áo dài Mãn Như mang sắc hồng dịu, phom suông tay loe dài và nét đẹp nhẹ nhàng, trang nhã và có nét cuốn hút riêng.",Tơ tằm 70%,Suông tay loe dài,"Thành phần tơ tằm cao mang lại bề mặt vải mượt, độ rũ đẹp và vẻ óng nhẹ đặc trưng của dòng sản phẩm cao cấp. Phần tay loe tạo độ mềm và giúp chuyển động của trang phục thêm uyển chuyển.","Phù hợp cho dịp lễ, Tết, chụp ảnh nghệ thuật, sự kiện văn hóa hoặc những buổi gặp gỡ cần vẻ ngoài trang trọng.",ACTIVE,false
Cát Điền,Hồng cam,Áo dài Mãn Đào,"Áo dài Mãn Đào thuộc bộ sưu tập Cát Điền, nổi bật với sắc hồng cam tươi tắn cùng phom suông tay loe dài, gợi vẻ tươi tắn, duyên dáng và nổi bật vừa đủ.",Tơ tằm 70%,Suông tay loe dài,"Thành phần tơ tằm cao mang lại bề mặt vải mượt, độ rũ đẹp và vẻ óng nhẹ đặc trưng của dòng sản phẩm cao cấp. Phần tay loe tạo độ mềm và giúp chuyển động của trang phục thêm uyển chuyển.","Thích hợp khi tham dự sự kiện, chụp lookbook, đi lễ đầu năm hoặc các buổi tiệc cần phong thái thanh lịch và duyên dáng.",ACTIVE,false
Cát Điền,Xanh lục,Áo dài Thư Bảo,"Lấy cảm hứng từ tinh thần Cát Điền, Áo dài Thư Bảo mang gam xanh lục thanh mát, phom suông tay ôm dài và nét đẹp quý phái và được chăm chút trong từng chi tiết.",Tơ tằm 70%,Suông tay ôm dài,"Thành phần tơ tằm cao mang lại bề mặt vải mượt, độ rũ đẹp và vẻ óng nhẹ đặc trưng của dòng sản phẩm cao cấp.","Thích hợp khi tham dự sự kiện, chụp lookbook, đi lễ đầu năm hoặc các buổi tiệc cần phong thái thanh lịch và duyên dáng.",ACTIVE,false
Cát Điền,Hồng phấn,Áo dài Tiêu Hồng,"Áo dài Tiêu Hồng thuộc bộ sưu tập Cát Điền, nổi bật với gam hồng phấn nhẹ nhàng cùng phom suông tay loe dài, gợi vẻ ngọt ngào, mềm mại và đầy sức sống.",Tơ tằm 70%,Suông tay loe dài,"Chất liệu tơ tằm mềm, thoáng và rũ nhẹ theo dáng người, giúp tổng thể trang phục thanh thoát hơn khi mặc. Phần tay loe tạo độ mềm và giúp chuyển động của trang phục thêm uyển chuyển.","Phù hợp cho dịp lễ, Tết, chụp ảnh nghệ thuật, sự kiện văn hóa hoặc những buổi gặp gỡ cần vẻ ngoài trang trọng.",ACTIVE,false
Cát Điền,Đỏ,Áo dài Tú Điệp,"Lấy cảm hứng từ tinh thần Cát Điền, Áo dài Tú Điệp mang sắc đỏ nổi bật, phom suông tay loe dài và nét đẹp mềm mại, thanh thoát và giàu chất thơ.",Tơ tằm 70%,Suông tay loe dài,"Tơ tằm 70% có độ mềm mịn, nhẹ và ánh bóng tự nhiên, giúp trang phục lên dáng sang trọng nhưng vẫn tạo cảm giác thoải mái. Phần tay loe tạo độ mềm và giúp chuyển động của trang phục thêm uyển chuyển.","Thích hợp khi tham dự sự kiện, chụp lookbook, đi lễ đầu năm hoặc các buổi tiệc cần phong thái thanh lịch và duyên dáng.",ACTIVE,false
Cát Điền,Vàng,Áo dài Đan Niên,"Áo dài Đan Niên thuộc bộ sưu tập Cát Điền, nổi bật với gam vàng ấm cùng phom suông tay loe dài, gợi vẻ nhẹ nhàng, trang nhã và có nét cuốn hút riêng.",Tơ tằm 70%,Suông tay loe dài,"Thành phần tơ tằm cao mang lại bề mặt vải mượt, độ rũ đẹp và vẻ óng nhẹ đặc trưng của dòng sản phẩm cao cấp. Phần tay loe tạo độ mềm và giúp chuyển động của trang phục thêm uyển chuyển.","Thích hợp khi tham dự sự kiện, chụp lookbook, đi lễ đầu năm hoặc các buổi tiệc cần phong thái thanh lịch và duyên dáng.",ACTIVE,false
Cảnh Giang,Hồng tím,Áo dài Chiêu Phụng,"Áo dài Chiêu Phụng thuộc bộ sưu tập Cảnh Giang, nổi bật với sắc hồng tím mềm mại cùng phom suông tay loe dài 4 tà, gợi vẻ kiêu sa, trang trọng và mang hơi thở cung đình.",Tơ tằm 70%,Suông tay loe dài 4 tà,"Tơ tằm 70% có độ mềm mịn, nhẹ và ánh bóng tự nhiên, giúp trang phục lên dáng sang trọng nhưng vẫn tạo cảm giác thoải mái. Kết cấu 4 tà tạo hiệu ứng lớp lang rõ hơn, giúp dáng áo nổi bật khi bước đi.","Dễ ứng dụng trong các dịp quan trọng như tiệc gia đình, lễ hội, trình diễn bộ sưu tập hoặc không gian mang tính truyền thống.",ACTIVE,false
Cảnh Giang,Đỏ,Áo dài Châu Phụng,"Áo dài Châu Phụng là thiết kế áo dài sắc đỏ nổi bật với dáng suông tay loe dài 4 tà, cân bằng giữa vẻ truyền thống và cảm giác kiêu sa, trang trọng và mang hơi thở cung đình.",Tơ tằm 70%,Suông tay loe dài 4 tà,"Chất liệu tơ tằm mềm, thoáng và rũ nhẹ theo dáng người, giúp tổng thể trang phục thanh thoát hơn khi mặc. Phần tay loe tạo độ mềm và giúp chuyển động của trang phục thêm uyển chuyển.","Dễ ứng dụng trong các dịp quan trọng như tiệc gia đình, lễ hội, trình diễn bộ sưu tập hoặc không gian mang tính truyền thống.",ACTIVE,false
Cảnh Giang,Vàng kem,Áo dài Hoàng Phụng,"Lấy cảm hứng từ tinh thần Cảnh Giang, Áo dài Hoàng Phụng mang gam vàng kem trang nhã, phom suông tay loe dài 4 tà và nét đẹp kiêu sa, trang trọng và mang hơi thở cung đình.",Tơ tằm 70%,Suông tay loe dài 4 tà,"Chất liệu tơ tằm mềm, thoáng và rũ nhẹ theo dáng người, giúp tổng thể trang phục thanh thoát hơn khi mặc. Phần tay loe tạo độ mềm và giúp chuyển động của trang phục thêm uyển chuyển.","Phù hợp cho dịp lễ, Tết, chụp ảnh nghệ thuật, sự kiện văn hóa hoặc những buổi gặp gỡ cần vẻ ngoài trang trọng.",ACTIVE,false
Cảnh Giang,Xanh biển,Áo dài Hồ Phụng,"Lấy cảm hứng từ tinh thần Cảnh Giang, Áo dài Hồ Phụng mang sắc xanh biển trong trẻo, phom suông tay loe dài 4 tà và nét đẹp kiêu sa, trang trọng và mang hơi thở cung đình.",Tơ tằm 70%,Suông tay loe dài 4 tà,"Chất liệu tơ tằm mềm, thoáng và rũ nhẹ theo dáng người, giúp tổng thể trang phục thanh thoát hơn khi mặc. Kết cấu 4 tà tạo hiệu ứng lớp lang rõ hơn, giúp dáng áo nổi bật khi bước đi.","Thích hợp khi tham dự sự kiện, chụp lookbook, đi lễ đầu năm hoặc các buổi tiệc cần phong thái thanh lịch và duyên dáng.",ACTIVE,false
Cảnh Giang,Hồng,Áo dài Hữu Phương,"Lấy cảm hứng từ tinh thần Cảnh Giang, Áo dài Hữu Phương mang sắc hồng dịu, phom suông tay loe dài 4 tà và nét đẹp thanh lịch, tinh tế và dễ tạo thiện cảm.",Tơ tằm 70%,Suông tay loe dài 4 tà,"Thành phần tơ tằm cao mang lại bề mặt vải mượt, độ rũ đẹp và vẻ óng nhẹ đặc trưng của dòng sản phẩm cao cấp. Phần tay loe tạo độ mềm và giúp chuyển động của trang phục thêm uyển chuyển.","Phù hợp cho dịp lễ, Tết, chụp ảnh nghệ thuật, sự kiện văn hóa hoặc những buổi gặp gỡ cần vẻ ngoài trang trọng.",ACTIVE,false
Cảnh Giang,Hồng đậm,Áo dài Mộc Thước,"Lấy cảm hứng từ tinh thần Cảnh Giang, Áo dài Mộc Thước mang sắc hồng đậm duyên dáng, phom suông tay loe dài 4 tà và nét đẹp giản dị, thanh tao và gần gũi.",Tơ tằm 70%,Suông tay loe dài 4 tà,"Chất liệu tơ tằm mềm, thoáng và rũ nhẹ theo dáng người, giúp tổng thể trang phục thanh thoát hơn khi mặc. Kết cấu 4 tà tạo hiệu ứng lớp lang rõ hơn, giúp dáng áo nổi bật khi bước đi.","Dễ ứng dụng trong các dịp quan trọng như tiệc gia đình, lễ hội, trình diễn bộ sưu tập hoặc không gian mang tính truyền thống.",ACTIVE,false
Cảnh Giang,Hồng,Áo dài Nam Phụng,"Thiết kế Áo dài Nam Phụng giữ nét truyền thống qua dáng suông tay loe dài 4 tà, đồng thời tạo cảm giác gọn gàng và thanh lịch.",Tơ tằm 70%,Suông tay loe dài 4 tà,"Chất liệu tơ tằm mềm, thoáng và rũ nhẹ theo dáng người, giúp tổng thể trang phục thanh thoát hơn khi mặc. Kết cấu 4 tà tạo hiệu ứng lớp lang rõ hơn, giúp dáng áo nổi bật khi bước đi.","Phù hợp cho dịp lễ, Tết, chụp ảnh nghệ thuật, sự kiện văn hóa hoặc những buổi gặp gỡ cần vẻ ngoài trang trọng.",ACTIVE,false
Cảnh Giang,Hồng phấn nhạt,Áo dài Nhu Phụng,"Áo dài Nhu Phụng là thiết kế áo dài gam hồng phấn nhạt với dáng suông tay loe dài 4 tà, cân bằng giữa vẻ truyền thống và cảm giác kiêu sa, trang trọng và mang hơi thở cung đình.",Tơ tằm 70%,Suông tay loe dài 4 tà,"Chất liệu tơ tằm mềm, thoáng và rũ nhẹ theo dáng người, giúp tổng thể trang phục thanh thoát hơn khi mặc. Phần tay loe tạo độ mềm và giúp chuyển động của trang phục thêm uyển chuyển.","Phù hợp cho dịp lễ, Tết, chụp ảnh nghệ thuật, sự kiện văn hóa hoặc những buổi gặp gỡ cần vẻ ngoài trang trọng.",ACTIVE,false
Cảnh Giang,Xanh coban,Áo dài Thiên Thước,"Lấy cảm hứng từ tinh thần Cảnh Giang, Áo dài Thiên Thước mang gam xanh coban, phom suông tay loe dài 4 tà và nét đẹp nhẹ nhàng, trang nhã và có nét cuốn hút riêng.",Tơ tằm 70%,Suông tay loe dài 4 tà,"Chất liệu tơ tằm mềm, thoáng và rũ nhẹ theo dáng người, giúp tổng thể trang phục thanh thoát hơn khi mặc. Phần tay loe tạo độ mềm và giúp chuyển động của trang phục thêm uyển chuyển.","Thích hợp khi tham dự sự kiện, chụp lookbook, đi lễ đầu năm hoặc các buổi tiệc cần phong thái thanh lịch và duyên dáng.",ACTIVE,false
Cảnh Giang,Xám bạc,Áo dài Yên Phụng,"Áo dài Yên Phụng thuộc bộ sưu tập Cảnh Giang, nổi bật với gam xám bạc cùng phom suông tay loe dài 4 tà, gợi vẻ kiêu sa, trang trọng và mang hơi thở cung đình.",Tơ tằm 70%,Suông tay loe dài 4 tà,"Tơ tằm 70% có độ mềm mịn, nhẹ và ánh bóng tự nhiên, giúp trang phục lên dáng sang trọng nhưng vẫn tạo cảm giác thoải mái. Phần tay loe tạo độ mềm và giúp chuyển động của trang phục thêm uyển chuyển.","Dễ ứng dụng trong các dịp quan trọng như tiệc gia đình, lễ hội, trình diễn bộ sưu tập hoặc không gian mang tính truyền thống.",ACTIVE,false
Cảnh Giang,Đỏ,Áo dài Đan Phụng,"Áo dài Đan Phụng thuộc bộ sưu tập Cảnh Giang, nổi bật với sắc đỏ nổi bật cùng phom suông tay loe dài 4 tà, gợi vẻ kiêu sa, trang trọng và mang hơi thở cung đình.",Tơ tằm 70%,Suông tay loe dài 4 tà,"Thành phần tơ tằm cao mang lại bề mặt vải mượt, độ rũ đẹp và vẻ óng nhẹ đặc trưng của dòng sản phẩm cao cấp. Kết cấu 4 tà tạo hiệu ứng lớp lang rõ hơn, giúp dáng áo nổi bật khi bước đi.","Phù hợp cho dịp lễ, Tết, chụp ảnh nghệ thuật, sự kiện văn hóa hoặc những buổi gặp gỡ cần vẻ ngoài trang trọng.",ACTIVE,false
Dao Ngọc Các,Kem,Áo Choàng Nhật Bình Yên Chi,"Với phom áo choàng nhật bình đuôi dài, Áo Choàng Nhật Bình Yên Chi giúp outfit thêm bay bổng, trang trọng và có chiều sâu thị giác.",Organza,Áo choàng Nhật Bình đuôi dài,"Organza tạo hiệu ứng lớp vải mỏng nhẹ, bắt sáng vừa phải và giúp phom dáng trở nên nổi bật hơn khi di chuyển.","Phù hợp khi cần tăng chiều sâu cho tổng thể trang phục, đặc biệt trong các buổi chụp hình, sự kiện hoặc không gian lễ hội.",ACTIVE,false
Dao Ngọc Các,Đỏ,Áo choàng Tràng Ngọc Khê,"Áo choàng Tràng Ngọc Khê là lớp khoác tạo điểm nhấn cho tổng thể, mang sắc đỏ nổi bật và dáng áo choàng suông đuôi dài đầy mềm mại.",Organza,Áo choàng suông đuôi dài,"Bề mặt Organza thanh thoát giúp thiết kế có độ bồng nhẹ, phù hợp với các chi tiết tạo lớp và phom dáng nữ tính.","Dùng như lớp khoác ngoài cho áo dài, đầm hoặc set đồng bộ, phù hợp chụp ảnh, dự tiệc và tạo điểm nhấn cho outfit.",ACTIVE,false
Dao Ngọc Các,Đỏ,Áo dài Chu Phong,"Áo dài Chu Phong là thiết kế áo dài sắc đỏ nổi bật với dáng áo dài dáng suông cúc lệch, cân bằng giữa vẻ truyền thống và cảm giác nhẹ nhàng, trang nhã và có nét cuốn hút riêng.",Organza và Lụa tổng hợp,Áo dài dáng suông cúc lệch,"Organza tạo hiệu ứng lớp vải mỏng nhẹ, bắt sáng vừa phải và giúp phom dáng trở nên nổi bật hơn khi di chuyển. Chi tiết cúc lệch tạo điểm nhấn thị giác, giúp thiết kế có nét cổ điển nhưng không đơn điệu.","Thích hợp khi tham dự sự kiện, chụp lookbook, đi lễ đầu năm hoặc các buổi tiệc cần phong thái thanh lịch và duyên dáng.",ACTIVE,false
Dao Ngọc Các,Đỏ,Áo dài Châu Phượng,"Áo dài Châu Phượng thuộc bộ sưu tập Dao Ngọc Các, nổi bật với sắc đỏ nổi bật cùng phom áo dài dáng suông 4 tà cúc lệch, gợi vẻ nhẹ nhàng, trang nhã và có nét cuốn hút riêng.",Organza,Áo dài dáng suông 4 tà cúc lệch,"Organza tạo hiệu ứng lớp vải mỏng nhẹ, bắt sáng vừa phải và giúp phom dáng trở nên nổi bật hơn khi di chuyển. Chi tiết cúc lệch tạo điểm nhấn thị giác, giúp thiết kế có nét cổ điển nhưng không đơn điệu.","Thích hợp khi tham dự sự kiện, chụp lookbook, đi lễ đầu năm hoặc các buổi tiệc cần phong thái thanh lịch và duyên dáng.",ACTIVE,false
Dao Ngọc Các,Hồng,Áo dài Cẩm Dao – Dao Phụng,"Lấy cảm hứng từ tinh thần Dao Ngọc Các, Áo dài Cẩm Dao – Dao Phụng mang sắc hồng dịu, phom áo dài ngũ thân và nét đẹp sắc nét, duyên dáng và có chiều sâu văn hóa.",Tencel,Áo dài ngũ thân,"Tencel mềm, thoáng và ít bí, phù hợp với các thiết kế cần sự nhẹ nhàng, thoải mái và tính ứng dụng cao.","Dễ ứng dụng trong các dịp quan trọng như tiệc gia đình, lễ hội, trình diễn bộ sưu tập hoặc không gian mang tính truyền thống.",ACTIVE,false
Dao Ngọc Các,Hồng,Áo dài Dao Phụng – Liên Phụng,"Áo dài Dao Phụng – Liên Phụng là thiết kế áo dài sắc hồng dịu với dáng áo dài ngũ thân, cân bằng giữa vẻ truyền thống và cảm giác dịu dàng, trong trẻo và nữ tính.",Tơ tằm 70%,Áo dài ngũ thân,"Thành phần tơ tằm cao mang lại bề mặt vải mượt, độ rũ đẹp và vẻ óng nhẹ đặc trưng của dòng sản phẩm cao cấp.","Dễ ứng dụng trong các dịp quan trọng như tiệc gia đình, lễ hội, trình diễn bộ sưu tập hoặc không gian mang tính truyền thống.",ACTIVE,false
Dao Ngọc Các,Đỏ,Áo dài Hồng Ân – Hồng Duyên,"Áo dài Hồng Ân – Hồng Duyên thuộc bộ sưu tập Dao Ngọc Các, nổi bật với sắc đỏ nổi bật cùng phom áo dài ngũ thân, gợi vẻ ngọt ngào, mềm mại và đầy sức sống.",Organza,Áo dài ngũ thân,"Organza tạo hiệu ứng lớp vải mỏng nhẹ, bắt sáng vừa phải và giúp phom dáng trở nên nổi bật hơn khi di chuyển.","Thích hợp khi tham dự sự kiện, chụp lookbook, đi lễ đầu năm hoặc các buổi tiệc cần phong thái thanh lịch và duyên dáng.",ACTIVE,false
Dao Ngọc Các,Trắng,Áo dài Mộc Cẩn – Diêu Hà,"Lấy cảm hứng từ tinh thần Dao Ngọc Các, Áo dài Mộc Cẩn – Diêu Hà mang gam trắng, phom áo dài dáng suông cúc lệch và nét đẹp giản dị, thanh tao và gần gũi.",Organza,Áo dài suông tay loe dài,"Chất liệu Organza nhẹ, trong và có độ phồng tự nhiên, giúp trang phục giữ được vẻ bay bổng nhưng vẫn thanh lịch. Chi tiết cúc lệch tạo điểm nhấn thị giác, giúp thiết kế có nét cổ điển nhưng không đơn điệu.","Phù hợp cho dịp lễ, Tết, chụp ảnh nghệ thuật, sự kiện văn hóa hoặc những buổi gặp gỡ cần vẻ ngoài trang trọng.",ACTIVE,false
Dao Ngọc Các,Đỏ,Áo dài Mộng Đan – Hồng Duyên,"Áo dài Mộng Đan – Hồng Duyên thuộc bộ sưu tập Dao Ngọc Các, nổi bật với sắc đỏ nổi bật cùng phom áo dài ngũ thân, gợi vẻ ngọt ngào, mềm mại và đầy sức sống.",Tencel,Áo dài ngũ thân,"Chất liệu Tencel có bề mặt mịn, rũ tự nhiên và đem lại cảm giác dễ chịu trong những ngày cần di chuyển nhiều.","Thích hợp khi tham dự sự kiện, chụp lookbook, đi lễ đầu năm hoặc các buổi tiệc cần phong thái thanh lịch và duyên dáng.",ACTIVE,false
Dao Ngọc Các,Hồng,Áo dài Ngọc Bảo – Mãn Duyên,"Lấy cảm hứng từ tinh thần Dao Ngọc Các, Áo dài Ngọc Bảo – Mãn Duyên mang sắc hồng dịu, phom áo dài ngũ thân và nét đẹp thanh khiết, trang nhã và cao cấp.",Tơ tằm 70%,Áo dài ngũ thân,"Tơ tằm 70% có độ mềm mịn, nhẹ và ánh bóng tự nhiên, giúp trang phục lên dáng sang trọng nhưng vẫn tạo cảm giác thoải mái.","Dễ ứng dụng trong các dịp quan trọng như tiệc gia đình, lễ hội, trình diễn bộ sưu tập hoặc không gian mang tính truyền thống.",ACTIVE,false
Dao Ngọc Các,Kem,Áo dài Thiên Hà,"Áo dài Thiên Hà là thiết kế áo dài gam kem với dáng áo dài dáng suông cúc lệch, cân bằng giữa vẻ truyền thống và cảm giác sang trọng vừa đủ, phù hợp với tinh thần thời trang hiện đại.",Organza và Lụa tổng hợp,Áo dài dáng suông cúc lệch,"Organza tạo hiệu ứng lớp vải mỏng nhẹ, bắt sáng vừa phải và giúp phom dáng trở nên nổi bật hơn khi di chuyển. Chi tiết cúc lệch tạo điểm nhấn thị giác, giúp thiết kế có nét cổ điển nhưng không đơn điệu.","Thích hợp khi tham dự sự kiện, chụp lookbook, đi lễ đầu năm hoặc các buổi tiệc cần phong thái thanh lịch và duyên dáng.",ACTIVE,false
Hạ Khuê,Hồng,Quần Thục Khuê,"Với dáng , Quần Thục Khuê giúp tổng thể trang phục gọn gàng, thoải mái và thanh lịch hơn.",Organza và Lụa tổng hợp,Dáng suông thanh lịch,"Bề mặt vải mềm vừa phải, dễ vận động và phù hợp với thiết kế có tính ứng dụng trong nhiều dịp khác nhau.","Dễ phối cùng áo dài, áo kiểu hoặc set đồng bộ, phù hợp cho cả trang phục thường ngày lẫn các dịp cần sự chỉn chu.",ACTIVE,false
Hạ Khuê,Vàng,Áo Choàng Hoa Kim,"Áo Choàng Hoa Kim là lớp khoác tạo điểm nhấn cho tổng thể, mang gam vàng ấm và dáng đầy mềm mại.",Organza,Phom mềm rũ nhẹ,"Bề mặt Organza thanh thoát giúp thiết kế có độ bồng nhẹ, phù hợp với các chi tiết tạo lớp và phom dáng nữ tính.","Phù hợp khi cần tăng chiều sâu cho tổng thể trang phục, đặc biệt trong các buổi chụp hình, sự kiện hoặc không gian lễ hội.",ACTIVE,false
Hạ Khuê,Tím,Áo Choàng Hoa Kiều,"Với phom , Áo Choàng Hoa Kiều giúp outfit thêm bay bổng, trang trọng và có chiều sâu thị giác.",Organza,Dáng suông thanh lịch,"Organza tạo hiệu ứng lớp vải mỏng nhẹ, bắt sáng vừa phải và giúp phom dáng trở nên nổi bật hơn khi di chuyển.","Lý tưởng để phối lớp trong những dịp đặc biệt, giúp outfit thêm bay bổng, sang trọng và có tính trình diễn hơn.",ACTIVE,false
Hạ Khuê,Trắng kem,Áo Choàng Hoa Nhiên,"Với phom , Áo Choàng Hoa Nhiên giúp outfit thêm bay bổng, trang trọng và có chiều sâu thị giác.",Organza,Dáng suông thanh lịch,"Organza tạo hiệu ứng lớp vải mỏng nhẹ, bắt sáng vừa phải và giúp phom dáng trở nên nổi bật hơn khi di chuyển.","Dùng như lớp khoác ngoài cho áo dài, đầm hoặc set đồng bộ, phù hợp chụp ảnh, dự tiệc và tạo điểm nhấn cho outfit.",ACTIVE,false
Hạ Khuê,Hồng,Áo Choàng Hoa Nhu,"Với phom , Áo Choàng Hoa Nhu giúp outfit thêm bay bổng, trang trọng và có chiều sâu thị giác.",Organza,Dáng suông thanh lịch,"Bề mặt Organza thanh thoát giúp thiết kế có độ bồng nhẹ, phù hợp với các chi tiết tạo lớp và phom dáng nữ tính.","Phù hợp khi cần tăng chiều sâu cho tổng thể trang phục, đặc biệt trong các buổi chụp hình, sự kiện hoặc không gian lễ hội.",ACTIVE,false
Hạ Khuê,Tím,Áo Hạ Cẩm,"Thiết kế Áo Hạ Cẩm nổi bật ở dáng , phù hợp với phong cách thanh lịch, nhẹ nhàng và hiện đại.",Organza,Suông tay loe dài,"Organza tạo hiệu ứng lớp vải mỏng nhẹ, bắt sáng vừa phải và giúp phom dáng trở nên nổi bật hơn khi di chuyển.","Phù hợp cho đi làm, đi chơi, gặp gỡ bạn bè hoặc các dịp cần outfit gọn gàng, tinh tế và dễ ứng dụng.",ACTIVE,false
Hạ Khuê,Vàng,Áo Hạ Miên,"Áo Hạ Miên mang tinh thần Hạ Khuê với gam vàng ấm, phom và nét đẹp thanh lịch, tinh tế và dễ tạo thiện cảm.",Organza,Phom mềm rũ nhẹ,"Organza tạo hiệu ứng lớp vải mỏng nhẹ, bắt sáng vừa phải và giúp phom dáng trở nên nổi bật hơn khi di chuyển.","Dễ phối trong tủ đồ hằng ngày, đồng thời vẫn đủ chỉn chu cho những buổi gặp gỡ, dạo phố hoặc tiệc nhẹ.",ACTIVE,false
Hạ Khuê,Hồng,Áo Hạ Như,"Áo Hạ Như mang tinh thần Hạ Khuê với sắc hồng dịu, phom và nét đẹp sang trọng vừa đủ, phù hợp với tinh thần thời trang hiện đại.",Organza,Suông tay loe dài,"Chất liệu Organza nhẹ, trong và có độ phồng tự nhiên, giúp trang phục giữ được vẻ bay bổng nhưng vẫn thanh lịch.","Phù hợp cho đi làm, đi chơi, gặp gỡ bạn bè hoặc các dịp cần outfit gọn gàng, tinh tế và dễ ứng dụng.",ACTIVE,false
Hạ Khuê,Trắng kem,Áo Hạ Sương,"Thiết kế Áo Hạ Sương nổi bật ở dáng , phù hợp với phong cách thanh lịch, nhẹ nhàng và hiện đại.",Organza,Dáng hiện đại dễ phối,"Chất liệu Organza nhẹ, trong và có độ phồng tự nhiên, giúp trang phục giữ được vẻ bay bổng nhưng vẫn thanh lịch.","Phù hợp cho đi làm, đi chơi, gặp gỡ bạn bè hoặc các dịp cần outfit gọn gàng, tinh tế và dễ ứng dụng.",ACTIVE,false
Hạ Khuê,Hồng,Áo Thục Khuê,"Thiết kế Áo Thục Khuê nổi bật ở dáng , phù hợp với phong cách thanh lịch, nhẹ nhàng và hiện đại.",Ren,"Phom đứng nhẹ, đường may tối giản","Chất liệu được chọn để giữ phom ổn định, tạo cảm giác dễ mặc và giúp tổng thể trang phục luôn chỉn chu.","Dễ phối trong tủ đồ hằng ngày, đồng thời vẫn đủ chỉn chu cho những buổi gặp gỡ, dạo phố hoặc tiệc nhẹ.",ACTIVE,false
Hạ Khuê,Đỏ,Đầm Châu Khuê,"Đầm Châu Khuê mang vẻ nữ tính với sắc đỏ nổi bật, phom và cảm giác nhẹ nhàng, trang nhã và có nét cuốn hút riêng.",Organza,Phom mềm rũ nhẹ,"Chất liệu Organza nhẹ, trong và có độ phồng tự nhiên, giúp trang phục giữ được vẻ bay bổng nhưng vẫn thanh lịch.","Có thể sử dụng trong các buổi gặp gỡ cuối tuần, tiệc thân mật hoặc những không gian cần sự nhẹ nhàng nhưng vẫn nổi bật.",ACTIVE,false
Hạ Khuê,Tím,Đầm Lưu Mây,"Đầm Lưu Mây mang vẻ nữ tính với gam tím, phom và cảm giác thanh lịch, tinh tế và dễ tạo thiện cảm.",Organza,Dáng suông thanh lịch,"Chất liệu Organza nhẹ, trong và có độ phồng tự nhiên, giúp trang phục giữ được vẻ bay bổng nhưng vẫn thanh lịch.","Có thể sử dụng trong các buổi gặp gỡ cuối tuần, tiệc thân mật hoặc những không gian cần sự nhẹ nhàng nhưng vẫn nổi bật.",ACTIVE,false
Hạ Khuê,Cam,Đầm Lạc Hạ,"Thiết kế Đầm Lạc Hạ tạo ấn tượng nhẹ nhàng nhờ gam cam, dáng và đường nét mềm mại.",Lụa tổng hợp,Dáng hiện đại dễ phối,"Bề mặt lụa mịn, nhẹ và có độ bóng vừa phải, giúp thiết kế giữ được vẻ sang trọng mà không quá cầu kỳ.","Thích hợp cho những ngày muốn diện trang phục mềm mại, thanh lịch và có điểm nhấn riêng mà không quá cầu kỳ.",ACTIVE,false
Hạ Khuê,Tím,Đầm Miểu Vi,"Thiết kế Đầm Miểu Vi tạo ấn tượng nhẹ nhàng nhờ gam tím, dáng đầm 2 dây dáng suông cách điệu và đường nét mềm mại.",Lụa tổng hợp,Đầm 2 dây dáng suông cách điệu,"Chất liệu lụa mềm và rũ nhẹ giúp trang phục chuyển động uyển chuyển, đồng thời tạo cảm giác dễ chịu khi mặc lâu.","Thích hợp cho những ngày muốn diện trang phục mềm mại, thanh lịch và có điểm nhấn riêng mà không quá cầu kỳ.",ACTIVE,false
Hạ Khuê,Xanh lá,Đầm Thanh Tiêu,"Thiết kế Đầm Thanh Tiêu tạo ấn tượng nhẹ nhàng nhờ gam xanh lá, dáng và đường nét mềm mại.",Vải tổng hợp,Phom mềm rũ nhẹ,"Chất liệu được chọn để giữ phom ổn định, tạo cảm giác dễ mặc và giúp tổng thể trang phục luôn chỉn chu.","Thích hợp cho những ngày muốn diện trang phục mềm mại, thanh lịch và có điểm nhấn riêng mà không quá cầu kỳ.",ACTIVE,false
Hạ Khuê,Đỏ,Đầm Thii Châu,"Đầm Thii Châu mang vẻ nữ tính với sắc đỏ nổi bật, phom đầm 2 dây dáng suông maxi và cảm giác thanh lịch, tinh tế và dễ tạo thiện cảm.",Lụa tổng hợp,Đầm 2 dây dáng suông maxi,"Bề mặt lụa mịn, nhẹ và có độ bóng vừa phải, giúp thiết kế giữ được vẻ sang trọng mà không quá cầu kỳ.","Có thể sử dụng trong các buổi gặp gỡ cuối tuần, tiệc thân mật hoặc những không gian cần sự nhẹ nhàng nhưng vẫn nổi bật.",ACTIVE,false
Hạ Khuê,Xanh oliu,Đầm Thii Huỳnh,"Đầm Thii Huỳnh mang vẻ nữ tính với gam xanh oliu, phom đầm 2 dây dáng suông maxi và cảm giác sang trọng vừa đủ, phù hợp với tinh thần thời trang hiện đại.",Lụa tổng hợp,Đầm 2 dây dáng suông maxi,"Lụa tạo cảm giác mềm mại trên da, hỗ trợ phom dáng rơi tự nhiên và dễ phối trong nhiều hoàn cảnh.","Có thể sử dụng trong các buổi gặp gỡ cuối tuần, tiệc thân mật hoặc những không gian cần sự nhẹ nhàng nhưng vẫn nổi bật.",ACTIVE,false
Hạ Khuê,Hồng đỗ,Đầm Thii Hồng,"Thiết kế Đầm Thii Hồng tạo ấn tượng nhẹ nhàng nhờ gam hồng đỗ, dáng đầm 2 dây dáng suông maxi và đường nét mềm mại.",Lụa tổng hợp,Đầm 2 dây dáng suông maxi,"Chất liệu lụa mềm và rũ nhẹ giúp trang phục chuyển động uyển chuyển, đồng thời tạo cảm giác dễ chịu khi mặc lâu.","Phù hợp cho dạo phố, hẹn hò, tiệc nhẹ, chụp ảnh hoặc những dịp cần vẻ ngoài nữ tính và tinh tế.",ACTIVE,false
Hạ Khuê,Vàng nhạt,Đầm Thii Liên,"Đầm Thii Liên mang vẻ nữ tính với gam vàng nhạt, phom đầm 2 dây dáng suông maxi và cảm giác dịu dàng, trong trẻo và nữ tính.",Lụa tổng hợp,Đầm 2 dây dáng suông maxi,"Lụa tạo cảm giác mềm mại trên da, hỗ trợ phom dáng rơi tự nhiên và dễ phối trong nhiều hoàn cảnh.","Thích hợp cho những ngày muốn diện trang phục mềm mại, thanh lịch và có điểm nhấn riêng mà không quá cầu kỳ.",ACTIVE,false
Hạ Khuê,Tím nhạt,Đầm Thii Mây,"Đầm Thii Mây mang vẻ nữ tính với gam tím nhạt, phom đầm 2 dây dáng suông maxi và cảm giác nhẹ nhàng, trang nhã và có nét cuốn hút riêng.",Lụa tổng hợp,Đầm 2 dây dáng suông maxi,"Bề mặt lụa mịn, nhẹ và có độ bóng vừa phải, giúp thiết kế giữ được vẻ sang trọng mà không quá cầu kỳ.","Có thể sử dụng trong các buổi gặp gỡ cuối tuần, tiệc thân mật hoặc những không gian cần sự nhẹ nhàng nhưng vẫn nổi bật.",ACTIVE,false
Hạ Khuê,Tím,Đầm Thii Mộng,"Đầm Thii Mộng mang vẻ nữ tính với gam tím, phom đầm 2 dây dáng suông maxi và cảm giác thanh lịch, tinh tế và dễ tạo thiện cảm.",Lụa tổng hợp,Đầm 2 dây dáng suông maxi,"Bề mặt lụa mịn, nhẹ và có độ bóng vừa phải, giúp thiết kế giữ được vẻ sang trọng mà không quá cầu kỳ.","Thích hợp cho những ngày muốn diện trang phục mềm mại, thanh lịch và có điểm nhấn riêng mà không quá cầu kỳ.",ACTIVE,false
Hạ Khuê,Xanh lam,Đầm Thii Ngọc,"Đầm Thii Ngọc mang vẻ nữ tính với gam xanh lam, phom đầm 2 dây dáng suông maxi và cảm giác thanh khiết, trang nhã và cao cấp.",Lụa tổng hợp,Đầm 2 dây dáng suông maxi,"Lụa tạo cảm giác mềm mại trên da, hỗ trợ phom dáng rơi tự nhiên và dễ phối trong nhiều hoàn cảnh.","Phù hợp cho dạo phố, hẹn hò, tiệc nhẹ, chụp ảnh hoặc những dịp cần vẻ ngoài nữ tính và tinh tế.",ACTIVE,false
Hạ Khuê,Hồng cam,Đầm Thii Nhạn,"Đầm Thii Nhạn mang vẻ nữ tính với sắc hồng cam tươi tắn, phom đầm 2 dây dáng suông maxi và cảm giác nhẹ nhàng, trang nhã và có nét cuốn hút riêng.",Lụa tổng hợp,Đầm 2 dây dáng suông maxi,"Bề mặt lụa mịn, nhẹ và có độ bóng vừa phải, giúp thiết kế giữ được vẻ sang trọng mà không quá cầu kỳ.","Có thể sử dụng trong các buổi gặp gỡ cuối tuần, tiệc thân mật hoặc những không gian cần sự nhẹ nhàng nhưng vẫn nổi bật.",ACTIVE,false
Hạ Khuê,Hồng đậm,Đầm Thii Đan,"Thiết kế Đầm Thii Đan tạo ấn tượng nhẹ nhàng nhờ sắc hồng đậm duyên dáng, dáng đầm 2 dây dáng suông maxi và đường nét mềm mại.",Lụa tổng hợp,Đầm 2 dây dáng suông maxi,"Bề mặt lụa mịn, nhẹ và có độ bóng vừa phải, giúp thiết kế giữ được vẻ sang trọng mà không quá cầu kỳ.","Có thể sử dụng trong các buổi gặp gỡ cuối tuần, tiệc thân mật hoặc những không gian cần sự nhẹ nhàng nhưng vẫn nổi bật.",ACTIVE,false
Kỳ Sa,Hồng,Áo dài Chi Nhạn,"Lấy cảm hứng từ tinh thần Kỳ Sa, Áo dài Chi Nhạn mang sắc hồng dịu, phom suông tay loe dài và nét đẹp thanh lịch, tinh tế và dễ tạo thiện cảm.",Vải tổng hợp,Suông tay loe dài,"Bề mặt vải mềm vừa phải, dễ vận động và phù hợp với thiết kế có tính ứng dụng trong nhiều dịp khác nhau. Phần tay loe tạo độ mềm và giúp chuyển động của trang phục thêm uyển chuyển.","Phù hợp cho dịp lễ, Tết, chụp ảnh nghệ thuật, sự kiện văn hóa hoặc những buổi gặp gỡ cần vẻ ngoài trang trọng.",ACTIVE,false
Kỳ Sa,Trắng,Áo dài Cẩm Tuyền,"Áo dài Cẩm Tuyền thuộc bộ sưu tập Kỳ Sa, nổi bật với cùng phom suông tay loe dài, gợi vẻ sang trọng vừa đủ, phù hợp với tinh thần thời trang hiện đại.",Vải tổng hợp,Suông tay loe dài,"Chất liệu được chọn để giữ phom ổn định, tạo cảm giác dễ mặc và giúp tổng thể trang phục luôn chỉn chu. Phần tay loe tạo độ mềm và giúp chuyển động của trang phục thêm uyển chuyển.","Thích hợp khi tham dự sự kiện, chụp lookbook, đi lễ đầu năm hoặc các buổi tiệc cần phong thái thanh lịch và duyên dáng.",ACTIVE,false
Kỳ Sa,Xanh lục,Áo dài Diên Kim,"Lấy cảm hứng từ tinh thần Kỳ Sa, Áo dài Diên Kim mang , phom suông tay loe dài và nét đẹp rực rỡ, sang trọng và có điểm nhấn ánh sắc.",Vải tổng hợp,Suông tay loe dài,"Chất liệu được chọn để giữ phom ổn định, tạo cảm giác dễ mặc và giúp tổng thể trang phục luôn chỉn chu. Phần tay loe tạo độ mềm và giúp chuyển động của trang phục thêm uyển chuyển.","Phù hợp cho dịp lễ, Tết, chụp ảnh nghệ thuật, sự kiện văn hóa hoặc những buổi gặp gỡ cần vẻ ngoài trang trọng.",ACTIVE,false
Kỳ Sa,Xanh lá,Áo dài Huỳnh Dao,"Lấy cảm hứng từ tinh thần Kỳ Sa, Áo dài Huỳnh Dao mang , phom suông tay loe dài và nét đẹp sắc nét, duyên dáng và có chiều sâu văn hóa.",Vải tổng hợp,Suông tay loe dài,"Bề mặt vải mềm vừa phải, dễ vận động và phù hợp với thiết kế có tính ứng dụng trong nhiều dịp khác nhau. Phần tay loe tạo độ mềm và giúp chuyển động của trang phục thêm uyển chuyển.","Phù hợp cho dịp lễ, Tết, chụp ảnh nghệ thuật, sự kiện văn hóa hoặc những buổi gặp gỡ cần vẻ ngoài trang trọng.",ACTIVE,false
Kỳ Sa,Vàng nâu,Áo dài Kim Ánh,"Lấy cảm hứng từ tinh thần Kỳ Sa, Áo dài Kim Ánh mang , phom suông tay loe dài và nét đẹp rực rỡ, sang trọng và có điểm nhấn ánh sắc.",Vải tổng hợp,Suông tay loe dài,"Bề mặt vải mềm vừa phải, dễ vận động và phù hợp với thiết kế có tính ứng dụng trong nhiều dịp khác nhau. Phần tay loe tạo độ mềm và giúp chuyển động của trang phục thêm uyển chuyển.","Thích hợp khi tham dự sự kiện, chụp lookbook, đi lễ đầu năm hoặc các buổi tiệc cần phong thái thanh lịch và duyên dáng.",ACTIVE,false
Kỳ Sa,Đen,Áo dài Lưu Ngọc,"Áo dài Lưu Ngọc thuộc bộ sưu tập Kỳ Sa, nổi bật với cùng phom suông tay loe dài, gợi vẻ thanh khiết, trang nhã và cao cấp.",Vải tổng hợp,Suông tay loe dài,"Chất liệu được chọn để giữ phom ổn định, tạo cảm giác dễ mặc và giúp tổng thể trang phục luôn chỉn chu. Phần tay loe tạo độ mềm và giúp chuyển động của trang phục thêm uyển chuyển.","Thích hợp khi tham dự sự kiện, chụp lookbook, đi lễ đầu năm hoặc các buổi tiệc cần phong thái thanh lịch và duyên dáng.",ACTIVE,false
Kỳ Sa,Hồng tím,Áo dài Mai Chiêu,"Áo dài Mai Chiêu là thiết kế áo dài với dáng suông tay loe dài, cân bằng giữa vẻ truyền thống và cảm giác thanh lịch, tinh tế và dễ tạo thiện cảm.",Vải tổng hợp,Suông tay loe dài,"Bề mặt vải mềm vừa phải, dễ vận động và phù hợp với thiết kế có tính ứng dụng trong nhiều dịp khác nhau. Phần tay loe tạo độ mềm và giúp chuyển động của trang phục thêm uyển chuyển.","Dễ ứng dụng trong các dịp quan trọng như tiệc gia đình, lễ hội, trình diễn bộ sưu tập hoặc không gian mang tính truyền thống.",ACTIVE,false
Kỳ Sa,Hồng đậm,Áo dài Ngọc Nhu,"Áo dài Ngọc Nhu là thiết kế áo dài với dáng suông tay loe dài, cân bằng giữa vẻ truyền thống và cảm giác thanh khiết, trang nhã và cao cấp.",Vải tổng hợp,Suông tay loe dài,"Bề mặt vải mềm vừa phải, dễ vận động và phù hợp với thiết kế có tính ứng dụng trong nhiều dịp khác nhau. Phần tay loe tạo độ mềm và giúp chuyển động của trang phục thêm uyển chuyển.","Thích hợp khi tham dự sự kiện, chụp lookbook, đi lễ đầu năm hoặc các buổi tiệc cần phong thái thanh lịch và duyên dáng.",ACTIVE,false
Kỳ Sa,Xanh xám,Áo dài Phách Linh,"Áo dài Phách Linh thuộc bộ sưu tập Kỳ Sa, nổi bật với cùng phom suông tay loe dài, gợi vẻ thanh lịch, tinh tế và dễ tạo thiện cảm.",Vải tổng hợp,Suông tay loe dài,"Bề mặt vải mềm vừa phải, dễ vận động và phù hợp với thiết kế có tính ứng dụng trong nhiều dịp khác nhau. Phần tay loe tạo độ mềm và giúp chuyển động của trang phục thêm uyển chuyển.","Phù hợp cho dịp lễ, Tết, chụp ảnh nghệ thuật, sự kiện văn hóa hoặc những buổi gặp gỡ cần vẻ ngoài trang trọng.",ACTIVE,false
Kỳ Sa,Cam,Áo dài Sương Mai,"Áo dài Sương Mai thuộc bộ sưu tập Kỳ Sa, nổi bật với cùng phom suông tay loe dài, gợi vẻ sang trọng vừa đủ, phù hợp với tinh thần thời trang hiện đại.",Vải tổng hợp,Suông tay loe dài,"Chất liệu được chọn để giữ phom ổn định, tạo cảm giác dễ mặc và giúp tổng thể trang phục luôn chỉn chu. Phần tay loe tạo độ mềm và giúp chuyển động của trang phục thêm uyển chuyển.","Thích hợp khi tham dự sự kiện, chụp lookbook, đi lễ đầu năm hoặc các buổi tiệc cần phong thái thanh lịch và duyên dáng.",ACTIVE,false
Kỳ Sa,Hồng đỗ,Áo dài Thanh Kỳ,"Lấy cảm hứng từ tinh thần Kỳ Sa, Áo dài Thanh Kỳ mang , phom suông tay loe dài và nét đẹp sang trọng vừa đủ, phù hợp với tinh thần thời trang hiện đại.",Vải tổng hợp,Suông tay loe dài,"Chất liệu được chọn để giữ phom ổn định, tạo cảm giác dễ mặc và giúp tổng thể trang phục luôn chỉn chu. Phần tay loe tạo độ mềm và giúp chuyển động của trang phục thêm uyển chuyển.","Dễ ứng dụng trong các dịp quan trọng như tiệc gia đình, lễ hội, trình diễn bộ sưu tập hoặc không gian mang tính truyền thống.",ACTIVE,false
Kỳ Sa,Đỏ mận,Áo dài Tố Nhu,"Lấy cảm hứng từ tinh thần Kỳ Sa, Áo dài Tố Nhu mang , phom suông tay loe dài và nét đẹp nhẹ nhàng, trang nhã và có nét cuốn hút riêng.",Vải tổng hợp,Suông tay loe dài,"Chất liệu được chọn để giữ phom ổn định, tạo cảm giác dễ mặc và giúp tổng thể trang phục luôn chỉn chu. Phần tay loe tạo độ mềm và giúp chuyển động của trang phục thêm uyển chuyển.","Dễ ứng dụng trong các dịp quan trọng như tiệc gia đình, lễ hội, trình diễn bộ sưu tập hoặc không gian mang tính truyền thống.",ACTIVE,false
Kỳ Sa,Xanh cốm,Áo dài Vũ Nhiên,"Áo dài Vũ Nhiên thuộc bộ sưu tập Kỳ Sa, nổi bật với cùng phom suông tay loe dài, gợi vẻ nhẹ nhàng, trang nhã và có nét cuốn hút riêng.",Vải tổng hợp,Suông tay loe dài,"Chất liệu được chọn để giữ phom ổn định, tạo cảm giác dễ mặc và giúp tổng thể trang phục luôn chỉn chu. Phần tay loe tạo độ mềm và giúp chuyển động của trang phục thêm uyển chuyển.","Phù hợp cho dịp lễ, Tết, chụp ảnh nghệ thuật, sự kiện văn hóa hoặc những buổi gặp gỡ cần vẻ ngoài trang trọng.",ACTIVE,false
La Khê,Xanh ngọc,Chân Váy Lam Khanh,"Chân Váy Lam Khanh tạo điểm nhấn bằng phom chân váy xòe bồng, dễ phối cùng nhiều kiểu áo và mang vẻ thanh lịch, tinh tế và dễ tạo thiện cảm.",Lụa tổng hợp,Chân váy xòe bồng,"Lụa tạo cảm giác mềm mại trên da, hỗ trợ phom dáng rơi tự nhiên và dễ phối trong nhiều hoàn cảnh. Phom xòe tạo độ bồng nhẹ, làm tổng thể trở nên nữ tính và giàu chuyển động.","Phù hợp cho dạo phố, hẹn hò, tiệc nhẹ, chụp ảnh hoặc những dịp cần vẻ ngoài nữ tính và tinh tế.",ACTIVE,false
La Khê,Hồng,Yếm Dạ Thư,"Yếm Dạ Thư mang tinh thần La Khê với sắc hồng dịu, phom yếm tà dài hở lưng và nét đẹp thanh lịch, tinh tế và dễ tạo thiện cảm.",Lụa tổng hợp và Organza,Yếm tà dài hở lưng,"Organza tạo hiệu ứng lớp vải mỏng nhẹ, bắt sáng vừa phải và giúp phom dáng trở nên nổi bật hơn khi di chuyển.","Có thể sử dụng trong các buổi gặp gỡ cuối tuần, tiệc thân mật hoặc những không gian cần sự nhẹ nhàng nhưng vẫn nổi bật.",ACTIVE,false
La Khê,Xanh ngọc,Áo Lam Khanh,"Áo Lam Khanh mang tinh thần La Khê với gam xanh ngọc, phom yếm hở lưng và nét đẹp thanh lịch, tinh tế và dễ tạo thiện cảm.",Lụa tổng hợp,Yếm hở lưng,"Bề mặt lụa mịn, nhẹ và có độ bóng vừa phải, giúp thiết kế giữ được vẻ sang trọng mà không quá cầu kỳ.","Phù hợp cho dạo phố, hẹn hò, tiệc nhẹ, chụp ảnh hoặc những dịp cần vẻ ngoài nữ tính và tinh tế.",ACTIVE,false
La Khê,Xanh ngọc,Áo dài Ngọc Khê – Yên Hoàng,"Áo dài Ngọc Khê – Yên Hoàng thuộc bộ sưu tập La Khê, nổi bật với gam xanh ngọc cùng phom áo dài dáng suông tay loe dài, gợi vẻ êm dịu, nhẹ nhàng và có cảm giác an nhiên.",Lụa tổng hợp và Organza,Áo dài dáng suông tay loe dài,"Organza tạo hiệu ứng lớp vải mỏng nhẹ, bắt sáng vừa phải và giúp phom dáng trở nên nổi bật hơn khi di chuyển. Phần tay loe tạo độ mềm và giúp chuyển động của trang phục thêm uyển chuyển.","Phù hợp cho dịp lễ, Tết, chụp ảnh nghệ thuật, sự kiện văn hóa hoặc những buổi gặp gỡ cần vẻ ngoài trang trọng.",ACTIVE,false
La Khê,Xanh biển nhạt,Áo dài Thanh Khê – Yên Lam,"Áo dài Thanh Khê – Yên Lam thuộc bộ sưu tập La Khê, nổi bật với gam xanh biển nhạt cùng phom áo dài dáng suông tay loe dài, gợi vẻ êm dịu, nhẹ nhàng và có cảm giác an nhiên.",Lụa tổng hợp và Organza,Áo dài dáng suông tay loe dài,"Organza tạo hiệu ứng lớp vải mỏng nhẹ, bắt sáng vừa phải và giúp phom dáng trở nên nổi bật hơn khi di chuyển. Phần tay loe tạo độ mềm và giúp chuyển động của trang phục thêm uyển chuyển.","Dễ ứng dụng trong các dịp quan trọng như tiệc gia đình, lễ hội, trình diễn bộ sưu tập hoặc không gian mang tính truyền thống.",ACTIVE,false
La Khê,Hồng,Áo dài Tú Khê – Yên Như,"Lấy cảm hứng từ tinh thần La Khê, Áo dài Tú Khê – Yên Như mang sắc hồng dịu, phom áo dài dáng suông tay loe dài và nét đẹp êm dịu, nhẹ nhàng và có cảm giác an nhiên.",Lụa tổng hợp và Organza,Áo dài dáng suông tay loe dài,"Chất liệu Organza nhẹ, trong và có độ phồng tự nhiên, giúp trang phục giữ được vẻ bay bổng nhưng vẫn thanh lịch. Phần tay loe tạo độ mềm và giúp chuyển động của trang phục thêm uyển chuyển.","Thích hợp khi tham dự sự kiện, chụp lookbook, đi lễ đầu năm hoặc các buổi tiệc cần phong thái thanh lịch và duyên dáng.",ACTIVE,false
La Khê,Xanh cốm,Áo dài Vân Khê – Yên Hải,"Áo dài Vân Khê – Yên Hải là thiết kế áo dài gam xanh cốm với dáng áo dài dáng suông tay loe dài, cân bằng giữa vẻ truyền thống và cảm giác êm dịu, nhẹ nhàng và có cảm giác an nhiên.",Lụa tổng hợp và Organza,Áo dài dáng suông tay loe dài,"Chất liệu Organza nhẹ, trong và có độ phồng tự nhiên, giúp trang phục giữ được vẻ bay bổng nhưng vẫn thanh lịch. Phần tay loe tạo độ mềm và giúp chuyển động của trang phục thêm uyển chuyển.","Phù hợp cho dịp lễ, Tết, chụp ảnh nghệ thuật, sự kiện văn hóa hoặc những buổi gặp gỡ cần vẻ ngoài trang trọng.",ACTIVE,false
La Khê,Hồng sen,Đầm Uyên Đan,"Thiết kế Đầm Uyên Đan tạo ấn tượng nhẹ nhàng nhờ gam hồng sen, dáng đầm dài dáng cổ yếm và đường nét mềm mại.",Lụa tổng hợp,Đầm dài dáng cổ yếm,"Lụa tạo cảm giác mềm mại trên da, hỗ trợ phom dáng rơi tự nhiên và dễ phối trong nhiều hoàn cảnh.","Thích hợp cho những ngày muốn diện trang phục mềm mại, thanh lịch và có điểm nhấn riêng mà không quá cầu kỳ.",ACTIVE,false
Quý Chi,Xám bạc,Quần Đan Châu,"Với dáng , Quần Đan Châu giúp tổng thể trang phục gọn gàng, thoải mái và thanh lịch hơn.",Lụa tổng hợp,Dáng hiện đại dễ phối,"Chất liệu lụa mềm và rũ nhẹ giúp trang phục chuyển động uyển chuyển, đồng thời tạo cảm giác dễ chịu khi mặc lâu.","Phù hợp để hoàn thiện outfit theo hướng gọn gàng, thoải mái, đặc biệt khi kết hợp với các thiết kế áo mang tinh thần truyền thống.",ACTIVE,false
Quý Chi,Đỏ đậm,Quần Đan Cẩn,"Quần Đan Cẩn được thiết kế theo phom , mang tính ứng dụng cao và dễ phối cùng nhiều dáng áo.",Lụa tổng hợp,Dáng hiện đại dễ phối,"Chất liệu lụa mềm và rũ nhẹ giúp trang phục chuyển động uyển chuyển, đồng thời tạo cảm giác dễ chịu khi mặc lâu.","Phù hợp để hoàn thiện outfit theo hướng gọn gàng, thoải mái, đặc biệt khi kết hợp với các thiết kế áo mang tinh thần truyền thống.",ACTIVE,false
Quý Chi,Be,Quần Đan Vân,"Quần Đan Vân được thiết kế theo phom , mang tính ứng dụng cao và dễ phối cùng nhiều dáng áo.",Lụa tổng hợp,Suông tay loe dài,"Lụa tạo cảm giác mềm mại trên da, hỗ trợ phom dáng rơi tự nhiên và dễ phối trong nhiều hoàn cảnh.","Có thể sử dụng linh hoạt trong nhiều set đồ, từ trang phục đi chơi đến những dịp gặp gỡ cần vẻ ngoài thanh lịch.",ACTIVE,false
Quý Chi,Vàng,Set Hà Chi,"Thiết kế Set Hà Chi nổi bật ở dáng , phù hợp với phong cách thanh lịch, nhẹ nhàng và hiện đại.",Ren,Dáng suông thanh lịch,"Chất liệu ren đem lại cảm giác nhẹ nhàng, gợi cảm vừa đủ và làm tăng chiều sâu cho tổng thể thiết kế.","Dễ phối trong tủ đồ hằng ngày, đồng thời vẫn đủ chỉn chu cho những buổi gặp gỡ, dạo phố hoặc tiệc nhẹ.",ACTIVE,false
Quý Chi,Trắng,Set Hà Như,"Set Hà Như mang tinh thần Quý Chi với gam trắng, phom và nét đẹp nhẹ nhàng, trang nhã và có nét cuốn hút riêng.",Ren,Dáng hiện đại dễ phối,"Chất liệu ren đem lại cảm giác nhẹ nhàng, gợi cảm vừa đủ và làm tăng chiều sâu cho tổng thể thiết kế.","Phù hợp cho đi làm, đi chơi, gặp gỡ bạn bè hoặc các dịp cần outfit gọn gàng, tinh tế và dễ ứng dụng.",ACTIVE,false
Quý Chi,Tím,Áo Bách Đơn,"Áo Bách Đơn mang tinh thần Quý Chi với phom và nét đẹp thanh lịch, tinh tế và dễ tạo thiện cảm.",Lụa tổng hợp,Phom mềm rũ nhẹ,"Chất liệu lụa mềm và rũ nhẹ giúp trang phục chuyển động uyển chuyển, đồng thời tạo cảm giác dễ chịu khi mặc lâu.","Phù hợp cho đi làm, đi chơi, gặp gỡ bạn bè hoặc các dịp cần outfit gọn gàng, tinh tế và dễ ứng dụng.",ACTIVE,false
Quý Chi,Xanh xám,Áo Hồng Đơn,"Thiết kế Áo Hồng Đơn nổi bật ở dáng , phù hợp với phong cách thanh lịch, nhẹ nhàng và hiện đại.",Lụa tổng hợp,Suông tay ôm dài,"Bề mặt lụa mịn, nhẹ và có độ bóng vừa phải, giúp thiết kế giữ được vẻ sang trọng mà không quá cầu kỳ.","Dễ phối trong tủ đồ hằng ngày, đồng thời vẫn đủ chỉn chu cho những buổi gặp gỡ, dạo phố hoặc tiệc nhẹ.",ACTIVE,false
Quý Chi,Xám bạc,Áo Khuê Đơn,"Áo Khuê Đơn mang tinh thần Quý Chi với phom và nét đẹp thanh lịch, tinh tế và dễ tạo thiện cảm.",Lụa tổng hợp,Phom mềm rũ nhẹ,"Chất liệu lụa mềm và rũ nhẹ giúp trang phục chuyển động uyển chuyển, đồng thời tạo cảm giác dễ chịu khi mặc lâu.","Dễ phối trong tủ đồ hằng ngày, đồng thời vẫn đủ chỉn chu cho những buổi gặp gỡ, dạo phố hoặc tiệc nhẹ.",ACTIVE,false
Quý Chi,Kem,Áo Quý Chiêu,"Thiết kế Áo Quý Chiêu nổi bật ở dáng , phù hợp với phong cách thanh lịch, nhẹ nhàng và hiện đại.",Lụa tổng hợp,Suông tay loe dài,"Bề mặt lụa mịn, nhẹ và có độ bóng vừa phải, giúp thiết kế giữ được vẻ sang trọng mà không quá cầu kỳ.","Dễ phối trong tủ đồ hằng ngày, đồng thời vẫn đủ chỉn chu cho những buổi gặp gỡ, dạo phố hoặc tiệc nhẹ.",ACTIVE,false
Quý Chi,Đỏ,Áo Quý Châu,"Thiết kế Áo Quý Châu nổi bật ở dáng , phù hợp với phong cách thanh lịch, nhẹ nhàng và hiện đại.",Lụa tổng hợp,Suông tay loe dài,"Chất liệu lụa mềm và rũ nhẹ giúp trang phục chuyển động uyển chuyển, đồng thời tạo cảm giác dễ chịu khi mặc lâu.","Phù hợp cho đi làm, đi chơi, gặp gỡ bạn bè hoặc các dịp cần outfit gọn gàng, tinh tế và dễ ứng dụng.",ACTIVE,false
Quý Chi,Vàng,Áo Quý Kim,"Thiết kế Áo Quý Kim nổi bật ở dáng , phù hợp với phong cách thanh lịch, nhẹ nhàng và hiện đại.",Lụa tổng hợp,Suông tay loe dài,"Lụa tạo cảm giác mềm mại trên da, hỗ trợ phom dáng rơi tự nhiên và dễ phối trong nhiều hoàn cảnh.","Phù hợp cho đi làm, đi chơi, gặp gỡ bạn bè hoặc các dịp cần outfit gọn gàng, tinh tế và dễ ứng dụng.",ACTIVE,false
Quý Chi,Xanh ngọc,Áo Quý Lam,"Thiết kế Áo Quý Lam nổi bật ở dáng , phù hợp với phong cách thanh lịch, nhẹ nhàng và hiện đại.",Lụa tổng hợp,Suông tay loe dài,"Lụa tạo cảm giác mềm mại trên da, hỗ trợ phom dáng rơi tự nhiên và dễ phối trong nhiều hoàn cảnh.","Phù hợp cho đi làm, đi chơi, gặp gỡ bạn bè hoặc các dịp cần outfit gọn gàng, tinh tế và dễ ứng dụng.",ACTIVE,false
Quý Chi,Tím,Áo Quý Như,"Thiết kế Áo Quý Như nổi bật ở dáng , phù hợp với phong cách thanh lịch, nhẹ nhàng và hiện đại.",Lụa tổng hợp,Suông tay loe dài,"Bề mặt lụa mịn, nhẹ và có độ bóng vừa phải, giúp thiết kế giữ được vẻ sang trọng mà không quá cầu kỳ.","Dễ phối trong tủ đồ hằng ngày, đồng thời vẫn đủ chỉn chu cho những buổi gặp gỡ, dạo phố hoặc tiệc nhẹ.",ACTIVE,false
Quý Chi,Trắng,Áo Quý Sa,"Áo Quý Sa mang tinh thần Quý Chi với gam trắng, phom và nét đẹp thanh lịch, tinh tế và dễ tạo thiện cảm.",Lụa tổng hợp,Suông tay loe dài,"Bề mặt lụa mịn, nhẹ và có độ bóng vừa phải, giúp thiết kế giữ được vẻ sang trọng mà không quá cầu kỳ.","Dễ phối trong tủ đồ hằng ngày, đồng thời vẫn đủ chỉn chu cho những buổi gặp gỡ, dạo phố hoặc tiệc nhẹ.",ACTIVE,false
Quý Chi,Vàng nâu,Áo Quý Vân,"Thiết kế Áo Quý Vân nổi bật ở dáng , phù hợp với phong cách thanh lịch, nhẹ nhàng và hiện đại.",Lụa tổng hợp,Suông tay ôm dài,"Bề mặt lụa mịn, nhẹ và có độ bóng vừa phải, giúp thiết kế giữ được vẻ sang trọng mà không quá cầu kỳ.","Dễ phối trong tủ đồ hằng ngày, đồng thời vẫn đủ chỉn chu cho những buổi gặp gỡ, dạo phố hoặc tiệc nhẹ.",ACTIVE,false
Quý Chi,Hồng đậm,Đầm Chi Huỳnh,"Thiết kế Đầm Chi Huỳnh tạo ấn tượng nhẹ nhàng nhờ , dáng và đường nét mềm mại.",Tencel,Dáng suông thanh lịch,"Tencel mềm, thoáng và ít bí, phù hợp với các thiết kế cần sự nhẹ nhàng, thoải mái và tính ứng dụng cao.","Thích hợp cho những ngày muốn diện trang phục mềm mại, thanh lịch và có điểm nhấn riêng mà không quá cầu kỳ.",ACTIVE,false
Quý Chi,Xanh lục,Đầm Chi Mạn,"Thiết kế Đầm Chi Mạn tạo ấn tượng nhẹ nhàng nhờ , dáng và đường nét mềm mại.",Tencel,Suông tay loe dài,"Chất liệu Tencel có bề mặt mịn, rũ tự nhiên và đem lại cảm giác dễ chịu trong những ngày cần di chuyển nhiều.","Phù hợp cho dạo phố, hẹn hò, tiệc nhẹ, chụp ảnh hoặc những dịp cần vẻ ngoài nữ tính và tinh tế.",ACTIVE,false
Quý Chi,Xanh,Đầm Lưu Châu,"Thiết kế Đầm Lưu Châu tạo ấn tượng nhẹ nhàng nhờ , dáng và đường nét mềm mại.",Organza,Suông tay loe dài,"Bề mặt Organza thanh thoát giúp thiết kế có độ bồng nhẹ, phù hợp với các chi tiết tạo lớp và phom dáng nữ tính.","Thích hợp cho những ngày muốn diện trang phục mềm mại, thanh lịch và có điểm nhấn riêng mà không quá cầu kỳ.",ACTIVE,false
Quý Chi,Xanh lá,Đầm Lưu Quỳnh,"Đầm Lưu Quỳnh mang vẻ nữ tính với phom và cảm giác thanh lịch, tinh tế và dễ tạo thiện cảm.",Organza,Suông tay loe dài,"Bề mặt Organza thanh thoát giúp thiết kế có độ bồng nhẹ, phù hợp với các chi tiết tạo lớp và phom dáng nữ tính.","Thích hợp cho những ngày muốn diện trang phục mềm mại, thanh lịch và có điểm nhấn riêng mà không quá cầu kỳ.",ACTIVE,false
Quý Chi,Đỏ đậm,Đầm Ngọc Tiêu,"Thiết kế Đầm Ngọc Tiêu tạo ấn tượng nhẹ nhàng nhờ , dáng và đường nét mềm mại.",Lụa tổng hợp,Dáng suông thanh lịch,"Lụa tạo cảm giác mềm mại trên da, hỗ trợ phom dáng rơi tự nhiên và dễ phối trong nhiều hoàn cảnh.","Có thể sử dụng trong các buổi gặp gỡ cuối tuần, tiệc thân mật hoặc những không gian cần sự nhẹ nhàng nhưng vẫn nổi bật.",ACTIVE,false
Quý Chi,Xám bạc,Đầm Nhã Quy,"Đầm Nhã Quy mang vẻ nữ tính với phom và cảm giác sang trọng vừa đủ, phù hợp với tinh thần thời trang hiện đại.",Organza và Lụa tổng hợp,Suông tay ôm dài,"Bề mặt Organza thanh thoát giúp thiết kế có độ bồng nhẹ, phù hợp với các chi tiết tạo lớp và phom dáng nữ tính.","Phù hợp cho dạo phố, hẹn hò, tiệc nhẹ, chụp ảnh hoặc những dịp cần vẻ ngoài nữ tính và tinh tế.",ACTIVE,false
Quý Chi,Hồng sen,Đầm Phù Ân,"Đầm Phù Ân mang vẻ nữ tính với phom và cảm giác nhẹ nhàng, trang nhã và có nét cuốn hút riêng.",Organza,Dáng suông thanh lịch,"Bề mặt Organza thanh thoát giúp thiết kế có độ bồng nhẹ, phù hợp với các chi tiết tạo lớp và phom dáng nữ tính.","Có thể sử dụng trong các buổi gặp gỡ cuối tuần, tiệc thân mật hoặc những không gian cần sự nhẹ nhàng nhưng vẫn nổi bật.",ACTIVE,false
Quý Chi,Hồng tím,Đầm Phương Thanh,"Đầm Phương Thanh mang vẻ nữ tính với phom và cảm giác thanh lịch, tinh tế và dễ tạo thiện cảm.",Lụa tổng hợp,Dáng suông thanh lịch,"Bề mặt lụa mịn, nhẹ và có độ bóng vừa phải, giúp thiết kế giữ được vẻ sang trọng mà không quá cầu kỳ.","Thích hợp cho những ngày muốn diện trang phục mềm mại, thanh lịch và có điểm nhấn riêng mà không quá cầu kỳ.",ACTIVE,false
Sắc Kỳ Hương,Trắng xám,Chân váy Hương Kiều,"Chân váy Hương Kiều tạo điểm nhấn bằng phom , dễ phối cùng nhiều kiểu áo và mang vẻ thanh lịch, tinh tế và dễ tạo thiện cảm.",Tencel,Phom mềm rũ nhẹ,"Bề mặt vải mềm vừa phải, dễ vận động và phù hợp với thiết kế có tính ứng dụng trong nhiều dịp khác nhau.","Phù hợp cho dạo phố, hẹn hò, tiệc nhẹ, chụp ảnh hoặc những dịp cần vẻ ngoài nữ tính và tinh tế.",ACTIVE,false
Sắc Kỳ Hương,Hồng,Áo Hương Kiều,"Áo Hương Kiều mang tinh thần Sắc Kỳ Hương với phom và nét đẹp nhẹ nhàng, trang nhã và có nét cuốn hút riêng.",Vải tổng hợp,"Phom đứng nhẹ, đường may tối giản","Chất liệu được chọn để giữ phom ổn định, tạo cảm giác dễ mặc và giúp tổng thể trang phục luôn chỉn chu.","Phù hợp cho đi làm, đi chơi, gặp gỡ bạn bè hoặc các dịp cần outfit gọn gàng, tinh tế và dễ ứng dụng.",ACTIVE,false
Sắc Kỳ Hương,Xanh lá,Áo Thục Nghi,"Thiết kế Áo Thục Nghi nổi bật ở dáng , phù hợp với phong cách thanh lịch, nhẹ nhàng và hiện đại.",Tơ tằm 70%,Suông tay ôm dài,"Chất liệu được chọn để giữ phom ổn định, tạo cảm giác dễ mặc và giúp tổng thể trang phục luôn chỉn chu.","Phù hợp cho đi làm, đi chơi, gặp gỡ bạn bè hoặc các dịp cần outfit gọn gàng, tinh tế và dễ ứng dụng.",ACTIVE,false
Thanh Xuân,Đỏ mận,Quần Mộng Chi,"Với dáng quần ống đứng chun bụng, Quần Mộng Chi giúp tổng thể trang phục gọn gàng, thoải mái và thanh lịch hơn.",Lụa tổng hợp,Quần ống đứng chun bụng,"Chất liệu lụa mềm và rũ nhẹ giúp trang phục chuyển động uyển chuyển, đồng thời tạo cảm giác dễ chịu khi mặc lâu.","Dễ phối cùng áo dài, áo kiểu hoặc set đồng bộ, phù hợp cho cả trang phục thường ngày lẫn các dịp cần sự chỉn chu.",ACTIVE,false
Thanh Xuân,Trắng kem,Quần Nhật Thư,"Quần Nhật Thư được thiết kế theo phom quần ngắn, mang tính ứng dụng cao và dễ phối cùng nhiều dáng áo.",Tơ tổng hợp,Quần ngắn,"Bề mặt vải mềm vừa phải, dễ vận động và phù hợp với thiết kế có tính ứng dụng trong nhiều dịp khác nhau. Dáng ngắn giúp trang phục trẻ trung hơn và dễ phối trong nhiều outfit thường ngày.","Có thể sử dụng linh hoạt trong nhiều set đồ, từ trang phục đi chơi đến những dịp gặp gỡ cần vẻ ngoài thanh lịch.",ACTIVE,false
Thanh Xuân,Hồng,Áo Choàng Hồng Mây,"Áo Choàng Hồng Mây là lớp khoác tạo điểm nhấn cho tổng thể, mang sắc hồng dịu và dáng áo choàng dài tay loe đầy mềm mại.",Organza,Áo choàng dài tay loe,"Chất liệu Organza nhẹ, trong và có độ phồng tự nhiên, giúp trang phục giữ được vẻ bay bổng nhưng vẫn thanh lịch. Phần tay loe tạo độ mềm và giúp chuyển động của trang phục thêm uyển chuyển.","Dùng như lớp khoác ngoài cho áo dài, đầm hoặc set đồng bộ, phù hợp chụp ảnh, dự tiệc và tạo điểm nhấn cho outfit.",ACTIVE,false
Thanh Xuân,Xanh biển nhạt,Áo Choàng Ngọc Mây,"Với phom áo choàng dài tay loe, Áo Choàng Ngọc Mây giúp outfit thêm bay bổng, trang trọng và có chiều sâu thị giác.",Organza,Áo choàng dài tay loe,"Organza tạo hiệu ứng lớp vải mỏng nhẹ, bắt sáng vừa phải và giúp phom dáng trở nên nổi bật hơn khi di chuyển. Phần tay loe tạo độ mềm và giúp chuyển động của trang phục thêm uyển chuyển.","Dùng như lớp khoác ngoài cho áo dài, đầm hoặc set đồng bộ, phù hợp chụp ảnh, dự tiệc và tạo điểm nhấn cho outfit.",ACTIVE,false
Thanh Xuân,Đỏ mận,Áo Mộng Chi,"Thiết kế Áo Mộng Chi nổi bật ở dáng cổ yếm, phù hợp với phong cách thanh lịch, nhẹ nhàng và hiện đại.",Lụa tổng hợp,Cổ yếm,"Chất liệu lụa mềm và rũ nhẹ giúp trang phục chuyển động uyển chuyển, đồng thời tạo cảm giác dễ chịu khi mặc lâu.","Thích hợp cho những ngày muốn diện trang phục mềm mại, thanh lịch và có điểm nhấn riêng mà không quá cầu kỳ.",ACTIVE,false
Thanh Xuân,Trắng kem,Áo Nhật Thư,"Áo Nhật Thư mang tinh thần Thanh Xuân với gam trắng kem, phom áo cổ vạt lượn sóng dáng suông tay lửng và nét đẹp nhẹ nhàng, trang nhã và có nét cuốn hút riêng.",Tơ tổng hợp,Áo cổ vạt lượn sóng dáng suông tay lửng,"Chất liệu được chọn để giữ phom ổn định, tạo cảm giác dễ mặc và giúp tổng thể trang phục luôn chỉn chu.","Dễ phối trong tủ đồ hằng ngày, đồng thời vẫn đủ chỉn chu cho những buổi gặp gỡ, dạo phố hoặc tiệc nhẹ.",ACTIVE,false
Thanh Xuân,Xanh biển nhạt,Đầm Diệu Thanh,"Thiết kế Đầm Diệu Thanh tạo ấn tượng nhẹ nhàng nhờ gam xanh biển nhạt, dáng đầm 2 dây dáng chiết eo và đường nét mềm mại.",Tơ tổng hợp,Đầm 2 dây dáng chiết eo,"Bề mặt vải mềm vừa phải, dễ vận động và phù hợp với thiết kế có tính ứng dụng trong nhiều dịp khác nhau. Đường nhấn eo giúp tôn dáng tự nhiên và tạo tỷ lệ cơ thể cân đối hơn.","Có thể sử dụng trong các buổi gặp gỡ cuối tuần, tiệc thân mật hoặc những không gian cần sự nhẹ nhàng nhưng vẫn nổi bật.",ACTIVE,false
Thanh Xuân,Hồng,Đầm Lan Kiều,"Thiết kế Đầm Lan Kiều tạo ấn tượng nhẹ nhàng nhờ sắc hồng dịu, dáng đầm dài có tay đánh eo nhẹ và đường nét mềm mại.",Lụa tổng hợp,Đầm dài có tay đánh eo nhẹ,"Bề mặt lụa mịn, nhẹ và có độ bóng vừa phải, giúp thiết kế giữ được vẻ sang trọng mà không quá cầu kỳ.","Có thể sử dụng trong các buổi gặp gỡ cuối tuần, tiệc thân mật hoặc những không gian cần sự nhẹ nhàng nhưng vẫn nổi bật.",ACTIVE,false
Thanh Xuân,Hồng nhạt,Đầm Phấn Hy,"Thiết kế Đầm Phấn Hy tạo ấn tượng nhẹ nhàng nhờ gam hồng nhạt, dáng tơ tổng hợp lót lụa habutai và đường nét mềm mại.",Tơ tổng hợp,Tơ tổng hợp lót lụa habutai,"Bề mặt vải mềm vừa phải, dễ vận động và phù hợp với thiết kế có tính ứng dụng trong nhiều dịp khác nhau.","Thích hợp cho những ngày muốn diện trang phục mềm mại, thanh lịch và có điểm nhấn riêng mà không quá cầu kỳ.",ACTIVE,false
Thanh Xuân,Xanh cốm,Đầm Thanh Quy,"Thiết kế Đầm Thanh Quy tạo ấn tượng nhẹ nhàng nhờ gam xanh cốm, dáng đầm dài có cổ không tay dáng chiết eo và đường nét mềm mại.",Lụa tổng hợp,Đầm dài có cổ không tay dáng chiết eo,"Lụa tạo cảm giác mềm mại trên da, hỗ trợ phom dáng rơi tự nhiên và dễ phối trong nhiều hoàn cảnh. Đường nhấn eo giúp tôn dáng tự nhiên và tạo tỷ lệ cơ thể cân đối hơn.","Phù hợp cho dạo phố, hẹn hò, tiệc nhẹ, chụp ảnh hoặc những dịp cần vẻ ngoài nữ tính và tinh tế.",ACTIVE,false
Thanh Xuân,Trắng,Đầm Trúc Mây,"Đầm Trúc Mây mang vẻ nữ tính với gam trắng, phom đầm dài dáng buộc eo có lớp trong và cảm giác sang trọng vừa đủ, phù hợp với tinh thần thời trang hiện đại.",Organza,Đầm dài dáng buộc eo có lớp trong,"Chất liệu Organza nhẹ, trong và có độ phồng tự nhiên, giúp trang phục giữ được vẻ bay bổng nhưng vẫn thanh lịch. Đường nhấn eo giúp tôn dáng tự nhiên và tạo tỷ lệ cơ thể cân đối hơn.","Thích hợp cho những ngày muốn diện trang phục mềm mại, thanh lịch và có điểm nhấn riêng mà không quá cầu kỳ.",ACTIVE,false
Xuân Diệm Khai Hoa,Xanh lá,Hồng Sa,"Hồng Sa mang tinh thần Xuân Diệm Khai Hoa với phom và nét đẹp ngọt ngào, mềm mại và đầy sức sống.",Gấm,"Phom đứng nhẹ, đường may tối giản","Chất liệu được chọn để giữ phom ổn định, tạo cảm giác dễ mặc và giúp tổng thể trang phục luôn chỉn chu.","Phù hợp cho đi làm, đi chơi, gặp gỡ bạn bè hoặc các dịp cần outfit gọn gàng, tinh tế và dễ ứng dụng.",ACTIVE,false
Xuân Diệm Khai Hoa,Vàng nhạt,Mộng Kỳ,"Mộng Kỳ mang tinh thần Xuân Diệm Khai Hoa với phom và nét đẹp sang trọng vừa đủ, phù hợp với tinh thần thời trang hiện đại.",Organza và Tơ tằm 70%,Dáng suông thanh lịch,"Bề mặt vải mềm vừa phải, dễ vận động và phù hợp với thiết kế có tính ứng dụng trong nhiều dịp khác nhau.","Dễ phối trong tủ đồ hằng ngày, đồng thời vẫn đủ chỉn chu cho những buổi gặp gỡ, dạo phố hoặc tiệc nhẹ.",ACTIVE,false
Xuân Diệm Khai Hoa,Hồng tím,Tinh Sa,"Tinh Sa mang tinh thần Xuân Diệm Khai Hoa với phom và nét đẹp nhẹ nhàng, trang nhã và có nét cuốn hút riêng.",Gấm,"Phom đứng nhẹ, đường may tối giản","Chất liệu được chọn để giữ phom ổn định, tạo cảm giác dễ mặc và giúp tổng thể trang phục luôn chỉn chu.","Dễ phối trong tủ đồ hằng ngày, đồng thời vẫn đủ chỉn chu cho những buổi gặp gỡ, dạo phố hoặc tiệc nhẹ.",ACTIVE,false
Xuân Diệm Khai Hoa,Xanh oliu,Ánh Diễm,"Thiết kế Ánh Diễm nổi bật ở dáng , phù hợp với phong cách thanh lịch, nhẹ nhàng và hiện đại.",Tencel,"Phom đứng nhẹ, đường may tối giản","Chất liệu được chọn để giữ phom ổn định, tạo cảm giác dễ mặc và giúp tổng thể trang phục luôn chỉn chu.","Dễ phối trong tủ đồ hằng ngày, đồng thời vẫn đủ chỉn chu cho những buổi gặp gỡ, dạo phố hoặc tiệc nhẹ.",ACTIVE,false
ĐINH,Trắng kem,Áo Dài Dao Vinh,"Áo Dài Dao Vinh mang tinh thần chỉn chu với phom áo dài nam cúc lệch, tạo vẻ nam tính, trang trọng nhưng vẫn gần gũi.",Gấm,Áo dài nam cúc lệch,"Gấm có kết cấu chắc và bề mặt dệt nổi sang trọng, giúp trang phục giữ phom tốt và tạo ấn tượng chỉn chu. Chi tiết cúc lệch tạo điểm nhấn thị giác, giúp thiết kế có nét cổ điển nhưng không đơn điệu.","Phù hợp cho dịp lễ, Tết, chụp ảnh nghệ thuật, sự kiện văn hóa hoặc những buổi gặp gỡ cần vẻ ngoài trang trọng.",ACTIVE,false
ĐINH,Hồng nhạt,Áo Dài Minh Tịnh,"Thiết kế Áo Dài Minh Tịnh giữ nét truyền thống qua dáng áo dài nam cúc lệch, đồng thời tạo cảm giác gọn gàng và thanh lịch.",Gấm,Áo dài nam cúc lệch,"Chất liệu gấm bắt sáng tinh tế, phù hợp với các thiết kế cần vẻ trang trọng, nổi bật và giàu tính nghi lễ. Chi tiết cúc lệch tạo điểm nhấn thị giác, giúp thiết kế có nét cổ điển nhưng không đơn điệu.","Phù hợp cho dịp lễ, Tết, chụp ảnh nghệ thuật, sự kiện văn hóa hoặc những buổi gặp gỡ cần vẻ ngoài trang trọng.",ACTIVE,false
ĐINH,Đỏ,Áo Dài Phong Tường,"Thiết kế Áo Dài Phong Tường giữ nét truyền thống qua dáng áo dài nam cúc lệch, đồng thời tạo cảm giác gọn gàng và thanh lịch.",Gấm,Áo dài nam cúc lệch,"Chất liệu gấm bắt sáng tinh tế, phù hợp với các thiết kế cần vẻ trang trọng, nổi bật và giàu tính nghi lễ. Chi tiết cúc lệch tạo điểm nhấn thị giác, giúp thiết kế có nét cổ điển nhưng không đơn điệu.","Dễ ứng dụng trong các dịp quan trọng như tiệc gia đình, lễ hội, trình diễn bộ sưu tập hoặc không gian mang tính truyền thống.",ACTIVE,false
ĐINH,Trắng xám,Áo Dài Vũ Lăng,"Áo Dài Vũ Lăng mang tinh thần chỉn chu với phom áo dài nam cúc lệch, tạo vẻ nam tính, trang trọng nhưng vẫn gần gũi.",Gấm,Áo dài nam cúc lệch,"Gấm có kết cấu chắc và bề mặt dệt nổi sang trọng, giúp trang phục giữ phom tốt và tạo ấn tượng chỉn chu. Chi tiết cúc lệch tạo điểm nhấn thị giác, giúp thiết kế có nét cổ điển nhưng không đơn điệu.","Phù hợp cho dịp lễ, Tết, chụp ảnh nghệ thuật, sự kiện văn hóa hoặc những buổi gặp gỡ cần vẻ ngoài trang trọng.",ACTIVE,false
ĐINH,Xanh xám,Áo Dài Yên Lăng,"Thiết kế Áo Dài Yên Lăng giữ nét truyền thống qua dáng áo dài nam cúc lệch, đồng thời tạo cảm giác gọn gàng và thanh lịch.",Gấm,Áo dài nam cúc lệch,"Gấm có kết cấu chắc và bề mặt dệt nổi sang trọng, giúp trang phục giữ phom tốt và tạo ấn tượng chỉn chu. Chi tiết cúc lệch tạo điểm nhấn thị giác, giúp thiết kế có nét cổ điển nhưng không đơn điệu.","Phù hợp cho dịp lễ, Tết, chụp ảnh nghệ thuật, sự kiện văn hóa hoặc những buổi gặp gỡ cần vẻ ngoài trang trọng.",ACTIVE,false
ĐINH,Trắng,Áo dài Bách Hiên,"Lấy cảm hứng từ tinh thần ĐINH, Áo dài Bách Hiên mang gam trắng, phom cúc lệch dáng ngắn và nét đẹp sang trọng vừa đủ, phù hợp với tinh thần thời trang hiện đại.",Gấm,Cúc lệch dáng ngắn,"Gấm có kết cấu chắc và bề mặt dệt nổi sang trọng, giúp trang phục giữ phom tốt và tạo ấn tượng chỉn chu. Dáng ngắn giúp trang phục trẻ trung hơn và dễ phối trong nhiều outfit thường ngày.","Phù hợp cho dịp lễ, Tết, chụp ảnh nghệ thuật, sự kiện văn hóa hoặc những buổi gặp gỡ cần vẻ ngoài trang trọng.",ACTIVE,false
ĐINH,Hồng,Áo dài Gia Hỷ,"Áo dài Gia Hỷ là thiết kế áo dài sắc hồng dịu với dáng cúc lệch dáng ngắn, cân bằng giữa vẻ truyền thống và cảm giác sang trọng vừa đủ, phù hợp với tinh thần thời trang hiện đại.",Gấm,Cúc lệch dáng ngắn,"Chất liệu gấm bắt sáng tinh tế, phù hợp với các thiết kế cần vẻ trang trọng, nổi bật và giàu tính nghi lễ. Dáng ngắn giúp trang phục trẻ trung hơn và dễ phối trong nhiều outfit thường ngày.","Dễ ứng dụng trong các dịp quan trọng như tiệc gia đình, lễ hội, trình diễn bộ sưu tập hoặc không gian mang tính truyền thống.",ACTIVE,false
ĐINH,Xanh lục,Áo dài Lục Nguyên,"Áo dài Lục Nguyên mang tinh thần chỉn chu với phom áo dài nam cúc lệch dáng dài, tạo vẻ nam tính, trang trọng nhưng vẫn gần gũi.",Gấm,Áo dài nam Cúc lệch dáng dài,"Chất liệu gấm bắt sáng tinh tế, phù hợp với các thiết kế cần vẻ trang trọng, nổi bật và giàu tính nghi lễ. Chi tiết cúc lệch tạo điểm nhấn thị giác, giúp thiết kế có nét cổ điển nhưng không đơn điệu.","Thích hợp khi tham dự sự kiện, chụp lookbook, đi lễ đầu năm hoặc các buổi tiệc cần phong thái thanh lịch và duyên dáng.",ACTIVE,false
ĐINH,Xanh lục,Áo dài Lục Nhạn,"Áo dài Lục Nhạn là thiết kế áo dài gam xanh lục thanh mát với dáng cúc lệch dáng ngắn, cân bằng giữa vẻ truyền thống và cảm giác nhẹ nhàng, trang nhã và có nét cuốn hút riêng.",Gấm,Cúc lệch dáng ngắn,"Chất liệu gấm bắt sáng tinh tế, phù hợp với các thiết kế cần vẻ trang trọng, nổi bật và giàu tính nghi lễ. Dáng ngắn giúp trang phục trẻ trung hơn và dễ phối trong nhiều outfit thường ngày.","Dễ ứng dụng trong các dịp quan trọng như tiệc gia đình, lễ hội, trình diễn bộ sưu tập hoặc không gian mang tính truyền thống.",ACTIVE,false
ĐINH,Đen,Áo dài Mạc Nguy,"Áo dài Mạc Nguy là thiết kế áo dài gam đen với dáng áo dáng ngắn cùng hàng cúc thẳng giữa, cân bằng giữa vẻ truyền thống và cảm giác thanh lịch, tinh tế và dễ tạo thiện cảm.",Gấm,Áo dáng ngắn cùng hàng cúc thẳng giữa,"Chất liệu gấm bắt sáng tinh tế, phù hợp với các thiết kế cần vẻ trang trọng, nổi bật và giàu tính nghi lễ. Dáng ngắn giúp trang phục trẻ trung hơn và dễ phối trong nhiều outfit thường ngày.","Dễ ứng dụng trong các dịp quan trọng như tiệc gia đình, lễ hội, trình diễn bộ sưu tập hoặc không gian mang tính truyền thống.",ACTIVE,false
ĐINH,Trắng,Áo dài Mạc Trúc,"Lấy cảm hứng từ tinh thần ĐINH, Áo dài Mạc Trúc mang gam trắng, phom cúc lệch dáng ngắn và nét đẹp sang trọng vừa đủ, phù hợp với tinh thần thời trang hiện đại.",Gấm,Cúc lệch dáng ngắn,"Gấm có kết cấu chắc và bề mặt dệt nổi sang trọng, giúp trang phục giữ phom tốt và tạo ấn tượng chỉn chu. Dáng ngắn giúp trang phục trẻ trung hơn và dễ phối trong nhiều outfit thường ngày.","Phù hợp cho dịp lễ, Tết, chụp ảnh nghệ thuật, sự kiện văn hóa hoặc những buổi gặp gỡ cần vẻ ngoài trang trọng.",ACTIVE,false
ĐINH,Xanh xám,Áo dài Nguyên Phong,"Áo dài Nguyên Phong là thiết kế áo dài gam xanh xám với dáng cúc lệch dáng ngắn, cân bằng giữa vẻ truyền thống và cảm giác sang trọng vừa đủ, phù hợp với tinh thần thời trang hiện đại.",Gấm,Cúc lệch dáng ngắn,"Chất liệu gấm bắt sáng tinh tế, phù hợp với các thiết kế cần vẻ trang trọng, nổi bật và giàu tính nghi lễ. Dáng ngắn giúp trang phục trẻ trung hơn và dễ phối trong nhiều outfit thường ngày.","Phù hợp cho dịp lễ, Tết, chụp ảnh nghệ thuật, sự kiện văn hóa hoặc những buổi gặp gỡ cần vẻ ngoài trang trọng.",ACTIVE,false
ĐINH,Xanh ngọc,Áo dài Ngọc Chẩm,"Áo dài Ngọc Chẩm mang tinh thần chỉn chu với phom áo dài nam cúc lệch, tạo vẻ nam tính, trang trọng nhưng vẫn gần gũi.",Gấm,Áo dài nam cúc lệch,"Chất liệu gấm bắt sáng tinh tế, phù hợp với các thiết kế cần vẻ trang trọng, nổi bật và giàu tính nghi lễ. Chi tiết cúc lệch tạo điểm nhấn thị giác, giúp thiết kế có nét cổ điển nhưng không đơn điệu.","Phù hợp cho dịp lễ, Tết, chụp ảnh nghệ thuật, sự kiện văn hóa hoặc những buổi gặp gỡ cần vẻ ngoài trang trọng.",ACTIVE,false
ĐINH,Hồng nhạt,Áo dài Nhã Lam,"Thiết kế Áo dài Nhã Lam giữ nét truyền thống qua dáng áo dài nam cúc lệch dáng dài, đồng thời tạo cảm giác gọn gàng và thanh lịch.",Gấm,Áo dài nam Cúc lệch dáng dài,"Gấm có kết cấu chắc và bề mặt dệt nổi sang trọng, giúp trang phục giữ phom tốt và tạo ấn tượng chỉn chu. Chi tiết cúc lệch tạo điểm nhấn thị giác, giúp thiết kế có nét cổ điển nhưng không đơn điệu.","Thích hợp khi tham dự sự kiện, chụp lookbook, đi lễ đầu năm hoặc các buổi tiệc cần phong thái thanh lịch và duyên dáng.",ACTIVE,false
ĐINH,Xanh ngọc,Áo dài Phụng Viên,"Thiết kế Áo dài Phụng Viên giữ nét truyền thống qua dáng áo dài nam cúc lệch dáng dài, đồng thời tạo cảm giác gọn gàng và thanh lịch.",Gấm,Áo dài nam Cúc lệch dáng dài,"Chất liệu gấm bắt sáng tinh tế, phù hợp với các thiết kế cần vẻ trang trọng, nổi bật và giàu tính nghi lễ. Chi tiết cúc lệch tạo điểm nhấn thị giác, giúp thiết kế có nét cổ điển nhưng không đơn điệu.","Dễ ứng dụng trong các dịp quan trọng như tiệc gia đình, lễ hội, trình diễn bộ sưu tập hoặc không gian mang tính truyền thống.",ACTIVE,false
ĐINH,Đỏ đậm,Áo dài Sắc Kỳ,"Lấy cảm hứng từ tinh thần ĐINH, Áo dài Sắc Kỳ mang gam đỏ đậm, phom áo dài suông, vạt cúc chéo và nét đẹp sang trọng vừa đủ, phù hợp với tinh thần thời trang hiện đại.",Gấm,"Áo dài suông, vạt cúc chéo","Gấm có kết cấu chắc và bề mặt dệt nổi sang trọng, giúp trang phục giữ phom tốt và tạo ấn tượng chỉn chu. Chi tiết cúc lệch tạo điểm nhấn thị giác, giúp thiết kế có nét cổ điển nhưng không đơn điệu.","Phù hợp cho dịp lễ, Tết, chụp ảnh nghệ thuật, sự kiện văn hóa hoặc những buổi gặp gỡ cần vẻ ngoài trang trọng.",ACTIVE,false
ĐINH,Vàng kem,Áo dài Thái Vũ,"Áo dài Thái Vũ mang tinh thần chỉn chu với phom áo dài nam cúc lệch, tạo vẻ nam tính, trang trọng nhưng vẫn gần gũi.",Gấm,Áo dài nam cúc lệch,"Gấm có kết cấu chắc và bề mặt dệt nổi sang trọng, giúp trang phục giữ phom tốt và tạo ấn tượng chỉn chu. Chi tiết cúc lệch tạo điểm nhấn thị giác, giúp thiết kế có nét cổ điển nhưng không đơn điệu.","Thích hợp khi tham dự sự kiện, chụp lookbook, đi lễ đầu năm hoặc các buổi tiệc cần phong thái thanh lịch và duyên dáng.",ACTIVE,false
ĐINH,Be,Áo dài Thạch Nhiên,"Lấy cảm hứng từ tinh thần ĐINH, Áo dài Thạch Nhiên mang gam be, phom cúc lệch dáng ngắn và nét đẹp thanh lịch, tinh tế và dễ tạo thiện cảm.",Gấm,Cúc lệch dáng ngắn,"Gấm có kết cấu chắc và bề mặt dệt nổi sang trọng, giúp trang phục giữ phom tốt và tạo ấn tượng chỉn chu. Chi tiết cúc lệch tạo điểm nhấn thị giác, giúp thiết kế có nét cổ điển nhưng không đơn điệu.","Dễ ứng dụng trong các dịp quan trọng như tiệc gia đình, lễ hội, trình diễn bộ sưu tập hoặc không gian mang tính truyền thống.",ACTIVE,false
ĐINH,Xanh,Áo dài Trường Lam,"Lấy cảm hứng từ tinh thần ĐINH, Áo dài Trường Lam mang gam xanh, phom cúc lệch dáng ngắn và nét đẹp sang trọng vừa đủ, phù hợp với tinh thần thời trang hiện đại.",Gấm,Cúc lệch dáng ngắn,"Chất liệu gấm bắt sáng tinh tế, phù hợp với các thiết kế cần vẻ trang trọng, nổi bật và giàu tính nghi lễ. Dáng ngắn giúp trang phục trẻ trung hơn và dễ phối trong nhiều outfit thường ngày.","Dễ ứng dụng trong các dịp quan trọng như tiệc gia đình, lễ hội, trình diễn bộ sưu tập hoặc không gian mang tính truyền thống.",ACTIVE,false
ĐINH,Xanh lam,Áo dài Trường Liên,"Áo dài Trường Liên mang tinh thần chỉn chu với phom áo dài nam cúc lệch dáng dài, tạo vẻ nam tính, trang trọng nhưng vẫn gần gũi.",Gấm,Áo dài nam Cúc lệch dáng dài,"Gấm có kết cấu chắc và bề mặt dệt nổi sang trọng, giúp trang phục giữ phom tốt và tạo ấn tượng chỉn chu. Chi tiết cúc lệch tạo điểm nhấn thị giác, giúp thiết kế có nét cổ điển nhưng không đơn điệu.","Thích hợp khi tham dự sự kiện, chụp lookbook, đi lễ đầu năm hoặc các buổi tiệc cần phong thái thanh lịch và duyên dáng.",ACTIVE,false
ĐINH,Vàng nâu,Áo dài Văn Lễ,"Thiết kế Áo dài Văn Lễ giữ nét truyền thống qua dáng áo dài nam cúc lệch dáng dài, đồng thời tạo cảm giác gọn gàng và thanh lịch.",Gấm,Áo dài nam Cúc lệch dáng dài,"Chất liệu gấm bắt sáng tinh tế, phù hợp với các thiết kế cần vẻ trang trọng, nổi bật và giàu tính nghi lễ. Chi tiết cúc lệch tạo điểm nhấn thị giác, giúp thiết kế có nét cổ điển nhưng không đơn điệu.","Dễ ứng dụng trong các dịp quan trọng như tiệc gia đình, lễ hội, trình diễn bộ sưu tập hoặc không gian mang tính truyền thống.",ACTIVE,false
ĐINH,Đen,Áo dài Văn Phiến,"Áo dài Văn Phiến là thiết kế áo dài gam đen với dáng áo dáng ngắn cùng hàng cúc thẳng giữa, cân bằng giữa vẻ truyền thống và cảm giác nhẹ nhàng, trang nhã và có nét cuốn hút riêng.",Gấm,Áo dáng ngắn cùng hàng cúc thẳng giữa,"Gấm có kết cấu chắc và bề mặt dệt nổi sang trọng, giúp trang phục giữ phom tốt và tạo ấn tượng chỉn chu. Dáng ngắn giúp trang phục trẻ trung hơn và dễ phối trong nhiều outfit thường ngày.","Phù hợp cho dịp lễ, Tết, chụp ảnh nghệ thuật, sự kiện văn hóa hoặc những buổi gặp gỡ cần vẻ ngoài trang trọng.",ACTIVE,false
