collection_name,collection_url,collection_slug,product_name,product_url,slug,source,crawl_at
Thanh Xuân,https://xeoxo.com/vn/danh-muc/thanh-xuan/,thanh-xuan,Áo Mộng Chi,https://xeoxo.com/vn/san-pham/ao-mong-chi/,ao-mong-chi,collection_page,2026-06-26 14:51:25
Thanh Xuân,https://xeoxo.com/vn/danh-muc/thanh-xuan/,thanh-xuan,Quần Mộng Chi,https://xeoxo.com/vn/san-pham/quan-mong-chi/,quan-mong-chi,collection_page,2026-06-26 14:51:25
Thanh Xuân,https://xeoxo.com/vn/danh-muc/thanh-xuan/,thanh-xuan,Quần Nhật Thư,https://xeoxo.com/vn/san-pham/quan-nhat-thu/,quan-nhat-thu,collection_page,2026-06-26 14:51:25
Thanh Xuân,https://xeoxo.com/vn/danh-muc/thanh-xuan/,thanh-xuan,Áo Nhật Thư,https://xeoxo.com/vn/san-pham/ao-nhat-thu/,ao-nhat-thu,collection_page,2026-06-26 14:51:25
Thanh Xuân,https://xeoxo.com/vn/danh-muc/thanh-xuan/,thanh-xuan,Đầm Trúc Mây,https://xeoxo.com/vn/san-pham/dam-truc-may/,dam-truc-may,collection_page,2026-06-26 14:51:25
Thanh Xuân,https://xeoxo.com/vn/danh-muc/thanh-xuan/,thanh-xuan,Đầm Thanh Quy,https://xeoxo.com/vn/san-pham/dam-thanh-quy/,dam-thanh-quy,collection_page,2026-06-26 14:51:25
Thanh Xuân,https://xeoxo.com/vn/danh-muc/thanh-xuan/,thanh-xuan,Đầm Diệu Thanh,https://xeoxo.com/vn/san-pham/dam-dieu-thanh/,dam-dieu-thanh,collection_page,2026-06-26 14:51:25
Thanh Xuân,https://xeoxo.com/vn/danh-muc/thanh-xuan/,thanh-xuan,Đầm Lan Kiều,https://xeoxo.com/vn/san-pham/dam-lan-kieu/,dam-lan-kieu,collection_page,2026-06-26 14:51:25
Thanh Xuân,https://xeoxo.com/vn/danh-muc/thanh-xuan/,thanh-xuan,Đầm Phấn Hy,https://xeoxo.com/vn/san-pham/dam-phan-hy/,dam-phan-hy,collection_page,2026-06-26 14:51:25
Thanh Xuân,https://xeoxo.com/vn/danh-muc/thanh-xuan/,thanh-xuan,Áo Choàng Ngọc Mây,https://xeoxo.com/vn/san-pham/ao-choang-ngoc-may/,ao-choang-ngoc-may,collection_page,2026-06-26 14:51:25
Thanh Xuân,https://xeoxo.com/vn/danh-muc/thanh-xuan/,thanh-xuan,Áo Choàng Hồng Mây,https://xeoxo.com/vn/san-pham/ao-choang-hong-may/,ao-choang-hong-may,collection_page,2026-06-26 14:51:25
La Khê,https://xeoxo.com/vn/danh-muc/la-khe/,la-khe,Đầm Uyên Đan,https://xeoxo.com/vn/san-pham/dam-uyen-dan/,dam-uyen-dan,collection_page,2026-06-26 14:51:27
La Khê,https://xeoxo.com/vn/danh-muc/la-khe/,la-khe,Yếm Dạ Thư,https://xeoxo.com/vn/san-pham/yem-da-thu/,yem-da-thu,collection_page,2026-06-26 14:51:27
La Khê,https://xeoxo.com/vn/danh-muc/la-khe/,la-khe,Áo dài Ngọc Khê - Yên Hoàng,https://xeoxo.com/vn/san-pham/ao-dai-ngoc-khe-yen-hoang/,ao-dai-ngoc-khe-yen-hoang,collection_page,2026-06-26 14:51:27
La Khê,https://xeoxo.com/vn/danh-muc/la-khe/,la-khe,Áo dài Tú Khê - Yên Như,https://xeoxo.com/vn/san-pham/ao-dai-tu-khe-yen-nhu/,ao-dai-tu-khe-yen-nhu,collection_page,2026-06-26 14:51:27
La Khê,https://xeoxo.com/vn/danh-muc/la-khe/,la-khe,Áo dài Vân Khê - Yên Hải,https://xeoxo.com/vn/san-pham/ao-dai-van-khe-yen-hai/,ao-dai-van-khe-yen-hai,collection_page,2026-06-26 14:51:27
La Khê,https://xeoxo.com/vn/danh-muc/la-khe/,la-khe,Áo dài Thanh Khê - Yên Lam,https://xeoxo.com/vn/san-pham/ao-dai-thanh-khe-yen-lam/,ao-dai-thanh-khe-yen-lam,collection_page,2026-06-26 14:51:27
La Khê,https://xeoxo.com/vn/danh-muc/la-khe/,la-khe,Áo Lam Khanh,https://xeoxo.com/vn/san-pham/ao-lam-khanh/,ao-lam-khanh,collection_page,2026-06-26 14:51:27
La Khê,https://xeoxo.com/vn/danh-muc/la-khe/,la-khe,Chân Váy Lam Khanh,https://xeoxo.com/vn/san-pham/chan-vay-lam-khanh/,chan-vay-lam-khanh,collection_page,2026-06-26 14:51:27
Dao Ngọc Các,https://xeoxo.com/vn/danh-muc/dao-ngoc-cac/,dao-ngoc-cac,Áo Choàng Nhật Bình Yên Chi,https://xeoxo.com/vn/san-pham/ao-choang-nhat-binh-yen-chi/,ao-choang-nhat-binh-yen-chi,collection_page,2026-06-26 14:51:29
Dao Ngọc Các,https://xeoxo.com/vn/danh-muc/dao-ngoc-cac/,dao-ngoc-cac,Áo choàng Tràng Ngọc Khê,https://xeoxo.com/vn/san-pham/ao-choang-trang-ngoc-khe/,ao-choang-trang-ngoc-khe,collection_page,2026-06-26 14:51:29
Dao Ngọc Các,https://xeoxo.com/vn/danh-muc/dao-ngoc-cac/,dao-ngoc-cac,Áo dài Cẩm Dao - Dao Phụng,https://xeoxo.com/vn/san-pham/ao-dai-cam-dao-dao-phung/,ao-dai-cam-dao-dao-phung,collection_page,2026-06-26 14:51:29
Dao Ngọc Các,https://xeoxo.com/vn/danh-muc/dao-ngoc-cac/,dao-ngoc-cac,Áo dài Dao Phụng - Liên Phụng,https://xeoxo.com/vn/san-pham/ao-dai-dao-phung-lien-phung/,ao-dai-dao-phung-lien-phung,collection_page,2026-06-26 14:51:29
Dao Ngọc Các,https://xeoxo.com/vn/danh-muc/dao-ngoc-cac/,dao-ngoc-cac,Áo dài Hồng Ân - Hồng Duyên,https://xeoxo.com/vn/san-pham/ao-dai-hong-an-hong-duyen-sao-chep/,ao-dai-hong-an-hong-duyen,collection_page,2026-06-26 14:51:29
Dao Ngọc Các,https://xeoxo.com/vn/danh-muc/dao-ngoc-cac/,dao-ngoc-cac,Áo dài Mộng Đan - Hồng Duyên,https://xeoxo.com/vn/san-pham/ao-dai-mong-dan-hong-duyen/,ao-dai-mong-dan-hong-duyen,collection_page,2026-06-26 14:51:29
Dao Ngọc Các,https://xeoxo.com/vn/danh-muc/dao-ngoc-cac/,dao-ngoc-cac,Áo dài Châu Phượng,https://xeoxo.com/vn/san-pham/ao-dai-chau-phuong/,ao-dai-chau-phuong,collection_page,2026-06-26 14:51:29
Dao Ngọc Các,https://xeoxo.com/vn/danh-muc/dao-ngoc-cac/,dao-ngoc-cac,Áo dài Ngọc Bảo - Mãn Duyên,https://xeoxo.com/vn/san-pham/ao-dai-ngoc-bao-man-duyen/,ao-dai-ngoc-bao-man-duyen,collection_page,2026-06-26 14:51:29
Dao Ngọc Các,https://xeoxo.com/vn/danh-muc/dao-ngoc-cac/,dao-ngoc-cac,Áo dài Mộc Cẩn - Diêu Hà,https://xeoxo.com/vn/san-pham/ao-dai-moc-can-dieu-ha/,ao-dai-moc-can-dieu-ha,collection_page,2026-06-26 14:51:29
Dao Ngọc Các,https://xeoxo.com/vn/danh-muc/dao-ngoc-cac/,dao-ngoc-cac,Áo dài Chu Phong,https://xeoxo.com/vn/san-pham/ao-dai-chu-phong/,ao-dai-chu-phong,collection_page,2026-06-26 14:51:29
Dao Ngọc Các,https://xeoxo.com/vn/danh-muc/dao-ngoc-cac/,dao-ngoc-cac,Áo dài Thiên Hà,https://xeoxo.com/vn/san-pham/ao-dai-thien-ha/,ao-dai-thien-ha,collection_page,2026-06-26 14:51:29
Quý Chi,https://xeoxo.com/vn/danh-muc/quy-chi/,quy-chi,Đầm Lưu Quỳnh,https://xeoxo.com/vn/san-pham/dam-luu-quynh/,dam-luu-quynh,collection_page,2026-06-26 14:51:31
Quý Chi,https://xeoxo.com/vn/danh-muc/quy-chi/,quy-chi,Đầm Lưu Châu,https://xeoxo.com/vn/san-pham/dam-luu-chau/,dam-luu-chau,collection_page,2026-06-26 14:51:31
Quý Chi,https://xeoxo.com/vn/danh-muc/quy-chi/,quy-chi,Đầm Phù Ân,https://xeoxo.com/vn/san-pham/dam-phu-an/,dam-phu-an,collection_page,2026-06-26 14:51:31
Quý Chi,https://xeoxo.com/vn/danh-muc/quy-chi/,quy-chi,Đầm Ngọc Tiêu,https://xeoxo.com/vn/san-pham/dam-ngoc-tieu/,dam-ngoc-tieu,collection_page,2026-06-26 14:51:31
Quý Chi,https://xeoxo.com/vn/danh-muc/quy-chi/,quy-chi,Đầm Nhã Quy,https://xeoxo.com/vn/san-pham/dam-nha-quy/,dam-nha-quy,collection_page,2026-06-26 14:51:31
Quý Chi,https://xeoxo.com/vn/danh-muc/quy-chi/,quy-chi,Quần Đan Châu,https://xeoxo.com/vn/san-pham/quan-dan-chau/,quan-dan-chau,collection_page,2026-06-26 14:51:31
Quý Chi,https://xeoxo.com/vn/danh-muc/quy-chi/,quy-chi,Quần Đan Vân,https://xeoxo.com/vn/san-pham/quan-dan-van/,quan-dan-van,collection_page,2026-06-26 14:51:31
Quý Chi,https://xeoxo.com/vn/danh-muc/quy-chi/,quy-chi,Quần Đan Cẩn,https://xeoxo.com/vn/san-pham/quan-dan-can/,quan-dan-can,collection_page,2026-06-26 14:51:31
Quý Chi,https://xeoxo.com/vn/danh-muc/quy-chi/,quy-chi,Áo Bách Đơn,https://xeoxo.com/vn/san-pham/ao-bach-don/,ao-bach-don,collection_page,2026-06-26 14:51:31
Quý Chi,https://xeoxo.com/vn/danh-muc/quy-chi/,quy-chi,Áo Hồng Đơn,https://xeoxo.com/vn/san-pham/ao-hong-don/,ao-hong-don,collection_page,2026-06-26 14:51:31
Quý Chi,https://xeoxo.com/vn/danh-muc/quy-chi/,quy-chi,Áo Khuê Đơn,https://xeoxo.com/vn/san-pham/ao-khue-don/,ao-khue-don,collection_page,2026-06-26 14:51:31
Quý Chi,https://xeoxo.com/vn/danh-muc/quy-chi/,quy-chi,Đầm Phương Thanh,https://xeoxo.com/vn/san-pham/dam-phuong-thanh/,dam-phuong-thanh,collection_page,2026-06-26 14:51:31
Quý Chi,https://xeoxo.com/vn/danh-muc/quy-chi/,quy-chi,Đầm Chi Huỳnh,https://xeoxo.com/vn/san-pham/dam-chi-huynh/,dam-chi-huynh,collection_page,2026-06-26 14:51:31
Quý Chi,https://xeoxo.com/vn/danh-muc/quy-chi/,quy-chi,Đầm Chi Mạn,https://xeoxo.com/vn/san-pham/dam-chi-man/,dam-chi-man,collection_page,2026-06-26 14:51:31
Quý Chi,https://xeoxo.com/vn/danh-muc/quy-chi/,quy-chi,Set Hà Chi,https://xeoxo.com/vn/san-pham/set-ha-chi-2/,set-ha-chi,collection_page,2026-06-26 14:51:31
Quý Chi,https://xeoxo.com/vn/danh-muc/quy-chi/,quy-chi,Set Hà Như,https://xeoxo.com/vn/san-pham/set-ha-chi/,set-ha-nhu,collection_page,2026-06-26 14:51:31
Quý Chi,https://xeoxo.com/vn/danh-muc/quy-chi/,quy-chi,Áo Quý Châu,https://xeoxo.com/vn/san-pham/ao-quy-chau/,ao-quy-chau,collection_page,2026-06-26 14:51:31
Quý Chi,https://xeoxo.com/vn/danh-muc/quy-chi/,quy-chi,Áo Quý Kim,https://xeoxo.com/vn/san-pham/ao-quy-kim/,ao-quy-kim,collection_page,2026-06-26 14:51:31
Quý Chi,https://xeoxo.com/vn/danh-muc/quy-chi/,quy-chi,Áo Quý Sa,https://xeoxo.com/vn/san-pham/ao-quy-sa/,ao-quy-sa,collection_page,2026-06-26 14:51:31
Quý Chi,https://xeoxo.com/vn/danh-muc/quy-chi/,quy-chi,Áo Quý Chiêu,https://xeoxo.com/vn/san-pham/ao-quy-chieu/,ao-quy-chieu,collection_page,2026-06-26 14:51:31
Quý Chi,https://xeoxo.com/vn/danh-muc/quy-chi/,quy-chi,Áo Quý Như,https://xeoxo.com/vn/san-pham/ao-quy-nhu/,ao-quy-nhu,collection_page,2026-06-26 14:51:31
Quý Chi,https://xeoxo.com/vn/danh-muc/quy-chi/,quy-chi,Áo Quý Vân,https://xeoxo.com/vn/san-pham/ao-quy-van/,ao-quy-van,collection_page,2026-06-26 14:51:31
Quý Chi,https://xeoxo.com/vn/danh-muc/quy-chi/,quy-chi,Áo Quý Lam,https://xeoxo.com/vn/san-pham/ao-quy-lam/,ao-quy-lam,collection_page,2026-06-26 14:51:33
Hạ Khuê,https://xeoxo.com/vn/danh-muc/ha-khue/,ha-khue,Áo Hạ Cẩm,https://xeoxo.com/vn/san-pham/ao-ha-cam/,ao-ha-cam,collection_page,2026-06-26 14:51:34
Hạ Khuê,https://xeoxo.com/vn/danh-muc/ha-khue/,ha-khue,Áo Hạ Miên,https://xeoxo.com/vn/san-pham/ao-ha-mien/,ao-ha-mien,collection_page,2026-06-26 14:51:34
Hạ Khuê,https://xeoxo.com/vn/danh-muc/ha-khue/,ha-khue,Áo Hạ Như,https://xeoxo.com/vn/san-pham/ao-ha-nhu/,ao-ha-nhu,collection_page,2026-06-26 14:51:34
Hạ Khuê,https://xeoxo.com/vn/danh-muc/ha-khue/,ha-khue,Áo Hạ Sương,https://xeoxo.com/vn/san-pham/ao-ha-suong/,ao-ha-suong,collection_page,2026-06-26 14:51:34
Hạ Khuê,https://xeoxo.com/vn/danh-muc/ha-khue/,ha-khue,Áo Choàng Hoa Nhiên,https://xeoxo.com/vn/san-pham/ao-choang-hoa-nhien/,ao-choang-hoa-nhien,collection_page,2026-06-26 14:51:34
Hạ Khuê,https://xeoxo.com/vn/danh-muc/ha-khue/,ha-khue,Áo Choàng Hoa Kim,https://xeoxo.com/vn/san-pham/ao-choang-hoa-kim/,ao-choang-hoa-kim,collection_page,2026-06-26 14:51:34
Hạ Khuê,https://xeoxo.com/vn/danh-muc/ha-khue/,ha-khue,Áo Choàng Hoa Nhu,https://xeoxo.com/vn/san-pham/ao-choang-hoa-nhu/,ao-choang-hoa-nhu,collection_page,2026-06-26 14:51:34
Hạ Khuê,https://xeoxo.com/vn/danh-muc/ha-khue/,ha-khue,Áo Choàng Hoa Kiều,https://xeoxo.com/vn/san-pham/ao-choang-hoa-kieu/,ao-choang-hoa-kieu,collection_page,2026-06-26 14:51:34
Hạ Khuê,https://xeoxo.com/vn/danh-muc/ha-khue/,ha-khue,Đầm Lưu Mây,https://xeoxo.com/vn/san-pham/dam-luu-may/,dam-luu-may,collection_page,2026-06-26 14:51:34
Hạ Khuê,https://xeoxo.com/vn/danh-muc/ha-khue/,ha-khue,Đầm Châu Khuê,https://xeoxo.com/vn/san-pham/dam-chau-khue/,dam-chau-khue,collection_page,2026-06-26 14:51:34
Hạ Khuê,https://xeoxo.com/vn/danh-muc/ha-khue/,ha-khue,Quần Thục Khuê,https://xeoxo.com/vn/san-pham/quan-thuc-khue/,quan-thuc-khue,collection_page,2026-06-26 14:51:34
Hạ Khuê,https://xeoxo.com/vn/danh-muc/ha-khue/,ha-khue,Áo Thục Khuê,https://xeoxo.com/vn/san-pham/ao-thuc-khue/,ao-thuc-khue,collection_page,2026-06-26 14:51:34
Hạ Khuê,https://xeoxo.com/vn/danh-muc/ha-khue/,ha-khue,Đầm Lạc Hạ,https://xeoxo.com/vn/san-pham/dam-lac-ha/,dam-lac-ha,collection_page,2026-06-26 14:51:34
Hạ Khuê,https://xeoxo.com/vn/danh-muc/ha-khue/,ha-khue,Đầm Thanh Tiêu,https://xeoxo.com/vn/san-pham/dam-thanh-tieu/,dam-thanh-tieu,collection_page,2026-06-26 14:51:34
Hạ Khuê,https://xeoxo.com/vn/danh-muc/ha-khue/,ha-khue,Đầm Miểu Vi,https://xeoxo.com/vn/san-pham/dam-mieu-vi/,dam-mieu-vi,collection_page,2026-06-26 14:51:34
Hạ Khuê,https://xeoxo.com/vn/danh-muc/ha-khue/,ha-khue,Đầm Thii Mây,https://xeoxo.com/vn/san-pham/dam-thii-may/,dam-thii-may,collection_page,2026-06-26 14:51:34
Hạ Khuê,https://xeoxo.com/vn/danh-muc/ha-khue/,ha-khue,Đầm Thii Liên,https://xeoxo.com/vn/san-pham/dam-thii-lien/,dam-thii-lien,collection_page,2026-06-26 14:51:34
Hạ Khuê,https://xeoxo.com/vn/danh-muc/ha-khue/,ha-khue,Đầm Thii Hồng,https://xeoxo.com/vn/san-pham/dam-thii-hong/,dam-thii-hong,collection_page,2026-06-26 14:51:34
Hạ Khuê,https://xeoxo.com/vn/danh-muc/ha-khue/,ha-khue,Đầm Thii Huỳnh,https://xeoxo.com/vn/san-pham/dam-thii-huynh/,dam-thii-huynh,collection_page,2026-06-26 14:51:34
Hạ Khuê,https://xeoxo.com/vn/danh-muc/ha-khue/,ha-khue,Đầm Thii Ngọc,https://xeoxo.com/vn/san-pham/dam-thii-ngoc/,dam-thii-ngoc,collection_page,2026-06-26 14:51:34
Hạ Khuê,https://xeoxo.com/vn/danh-muc/ha-khue/,ha-khue,Đầm Thii Châu,https://xeoxo.com/vn/san-pham/dam-thii-chau/,dam-thii-chau,collection_page,2026-06-26 14:51:34
Hạ Khuê,https://xeoxo.com/vn/danh-muc/ha-khue/,ha-khue,Đầm Thii Đan,https://xeoxo.com/vn/san-pham/dam-thii-dan/,dam-thii-dan,collection_page,2026-06-26 14:51:34
Hạ Khuê,https://xeoxo.com/vn/danh-muc/ha-khue/,ha-khue,Đầm Thii Mộng,https://xeoxo.com/vn/san-pham/dam-thii-mong/,dam-thii-mong,collection_page,2026-06-26 14:51:34
Hạ Khuê,https://xeoxo.com/vn/danh-muc/ha-khue/,ha-khue,Đầm Thii Nhạn,https://xeoxo.com/vn/san-pham/dam-thii-nhan/,dam-thii-nhan,collection_page,2026-06-26 14:51:34
Cát Điền,https://xeoxo.com/vn/danh-muc/cat-dien/,cat-dien,Áo dài Cát Điệp,https://xeoxo.com/vn/san-pham/ao-dai-cat-diep/,ao-dai-cat-diep,collection_page,2026-06-26 14:51:36
Cát Điền,https://xeoxo.com/vn/danh-muc/cat-dien/,cat-dien,Áo dài Chu Bảo,https://xeoxo.com/vn/san-pham/ao-dai-chu-bao/,ao-dai-chu-bao,collection_page,2026-06-26 14:51:36
Cát Điền,https://xeoxo.com/vn/danh-muc/cat-dien/,cat-dien,Áo dài Đan Niên,https://xeoxo.com/vn/san-pham/ao-dai-dan-nien/,ao-dai-dan-nien,collection_page,2026-06-26 14:51:36
Cát Điền,https://xeoxo.com/vn/danh-muc/cat-dien/,cat-dien,Áo dài Mãn Kim,https://xeoxo.com/vn/san-pham/ao-dai-man-kim/,ao-dai-man-kim,collection_page,2026-06-26 14:51:36
Cát Điền,https://xeoxo.com/vn/danh-muc/cat-dien/,cat-dien,Áo dài Châu Hân - Mãn Kim,https://xeoxo.com/vn/san-pham/ao-dai-chau-han-man-kim/,ao-dai-chau-han-man-kim,collection_page,2026-06-26 14:51:36
Cát Điền,https://xeoxo.com/vn/danh-muc/cat-dien/,cat-dien,Áo dài Thư Bảo,https://xeoxo.com/vn/san-pham/ao-dai-thu-bao/,ao-dai-thu-bao,collection_page,2026-06-26 14:51:36
Cát Điền,https://xeoxo.com/vn/danh-muc/cat-dien/,cat-dien,Áo dài Diệu Liên,https://xeoxo.com/vn/san-pham/ao-dai-dieu-lien/,ao-dai-dieu-lien,collection_page,2026-06-26 14:51:36
Cát Điền,https://xeoxo.com/vn/danh-muc/cat-dien/,cat-dien,Áo dài Mãn Đào,https://xeoxo.com/vn/san-pham/ao-dai-man-dao/,ao-dai-man-dao,collection_page,2026-06-26 14:51:36
Cát Điền,https://xeoxo.com/vn/danh-muc/cat-dien/,cat-dien,Áo dài Tiêu Hồng,https://xeoxo.com/vn/san-pham/ao-dai-tieu-hong/,ao-dai-tieu-hong,collection_page,2026-06-26 14:51:36
Cát Điền,https://xeoxo.com/vn/danh-muc/cat-dien/,cat-dien,Áo dài Tú Điệp,https://xeoxo.com/vn/san-pham/ao-dai-tu-diep/,ao-dai-tu-diep,collection_page,2026-06-26 14:51:36
Cát Điền,https://xeoxo.com/vn/danh-muc/cat-dien/,cat-dien,Áo dài Mãn Như,https://xeoxo.com/vn/san-pham/ao-dai-man-nhu/,ao-dai-man-nhu,collection_page,2026-06-26 14:51:36
Sắc Kỳ Hương,https://xeoxo.com/vn/danh-muc/sac-ky-huong/,sac-ky-huong,Áo Thục Nghi,https://xeoxo.com/vn/san-pham/ao-thuc-nghi/,ao-thuc-nghi,collection_page,2026-06-26 14:51:37
Sắc Kỳ Hương,https://xeoxo.com/vn/danh-muc/sac-ky-huong/,sac-ky-huong,Chân váy Hương Kiều,https://xeoxo.com/vn/san-pham/chan-vay-huong-kieu/,chan-vay-huong-kieu,collection_page,2026-06-26 14:51:37
Sắc Kỳ Hương,https://xeoxo.com/vn/danh-muc/sac-ky-huong/,sac-ky-huong,Áo Hương Kiều,https://xeoxo.com/vn/san-pham/ao-huong-kieu/,ao-huong-kieu,collection_page,2026-06-26 14:51:37
Xuân Diệm Khai Hoa,https://xeoxo.com/vn/danh-muc/xuan-diem-khai-hoa/,xuan-diem-khai-hoa,Tinh Sa,https://xeoxo.com/vn/san-pham/tinh-sa/,tinh-sa,collection_page,2026-06-26 14:51:39
Xuân Diệm Khai Hoa,https://xeoxo.com/vn/danh-muc/xuan-diem-khai-hoa/,xuan-diem-khai-hoa,Ánh Diễm,https://xeoxo.com/vn/san-pham/anh-diem/,anh-diem,collection_page,2026-06-26 14:51:39
Xuân Diệm Khai Hoa,https://xeoxo.com/vn/danh-muc/xuan-diem-khai-hoa/,xuan-diem-khai-hoa,Mộng Kỳ,https://xeoxo.com/vn/san-pham/mong-ky/,mong-ky,collection_page,2026-06-26 14:51:39
Xuân Diệm Khai Hoa,https://xeoxo.com/vn/danh-muc/xuan-diem-khai-hoa/,xuan-diem-khai-hoa,Hồng Sa,https://xeoxo.com/vn/san-pham/hong-sa/,hong-sa,collection_page,2026-06-26 14:51:39
Cảnh Giang,https://xeoxo.com/vn/danh-muc/canh-giang/,canh-giang,Áo dài Thiên Thước,https://xeoxo.com/vn/san-pham/ao-dai-thien-thuoc/,ao-dai-thien-thuoc,collection_page,2026-06-26 14:51:40
Cảnh Giang,https://xeoxo.com/vn/danh-muc/canh-giang/,canh-giang,Áo dài Hữu Phương,https://xeoxo.com/vn/san-pham/ao-dai-huu-phuong/,ao-dai-huu-phuong,collection_page,2026-06-26 14:51:40
Cảnh Giang,https://xeoxo.com/vn/danh-muc/canh-giang/,canh-giang,Áo dài Mộc Thước,https://xeoxo.com/vn/san-pham/ao-dai-moc-thuoc/,ao-dai-moc-thuoc,collection_page,2026-06-26 14:51:40
Cảnh Giang,https://xeoxo.com/vn/danh-muc/canh-giang/,canh-giang,Áo dài Hồ Phụng,https://xeoxo.com/vn/san-pham/ao-dai-ho-phung/,ao-dai-ho-phung,collection_page,2026-06-26 14:51:40
Cảnh Giang,https://xeoxo.com/vn/danh-muc/canh-giang/,canh-giang,Áo dài Nam Phụng,https://xeoxo.com/vn/san-pham/ao-dai-nam-phung/,ao-dai-nam-phung,collection_page,2026-06-26 14:51:40
Cảnh Giang,https://xeoxo.com/vn/danh-muc/canh-giang/,canh-giang,Áo dài Yên Phụng,https://xeoxo.com/vn/san-pham/ao-dai-yen-phung/,ao-dai-yen-phung,collection_page,2026-06-26 14:51:40
Cảnh Giang,https://xeoxo.com/vn/danh-muc/canh-giang/,canh-giang,Áo dài Châu Phụng,https://xeoxo.com/vn/san-pham/ao-dai-chau-phung/,ao-dai-chau-phung,collection_page,2026-06-26 14:51:40
Cảnh Giang,https://xeoxo.com/vn/danh-muc/canh-giang/,canh-giang,Áo dài Nhu Phụng,https://xeoxo.com/vn/san-pham/ao-dai-nhu-phung/,ao-dai-nhu-phung,collection_page,2026-06-26 14:51:40
Cảnh Giang,https://xeoxo.com/vn/danh-muc/canh-giang/,canh-giang,Áo dài Hoàng Phụng,https://xeoxo.com/vn/san-pham/ao-dai-hoang-phung/,ao-dai-hoang-phung,collection_page,2026-06-26 14:51:40
Cảnh Giang,https://xeoxo.com/vn/danh-muc/canh-giang/,canh-giang,Áo dài Chiêu Phụng,https://xeoxo.com/vn/san-pham/ao-dai-chieu-phung/,ao-dai-chieu-phung,collection_page,2026-06-26 14:51:40
Cảnh Giang,https://xeoxo.com/vn/danh-muc/canh-giang/,canh-giang,Áo dài Đan Phụng,https://xeoxo.com/vn/san-pham/ao-dai-dan-phung/,ao-dai-dan-phung,collection_page,2026-06-26 14:51:40
Kỳ Sa,https://xeoxo.com/vn/danh-muc/ky-sa/,ky-sa,Áo dài Chi Nhạn,https://xeoxo.com/vn/san-pham/ao-dai-chi-nhan/,ao-dai-chi-nhan,collection_page,2026-06-26 14:51:42
Kỳ Sa,https://xeoxo.com/vn/danh-muc/ky-sa/,ky-sa,Áo dài Diên Kim,https://xeoxo.com/vn/san-pham/ao-dai-dien-kim/,ao-dai-dien-kim,collection_page,2026-06-26 14:51:42
Kỳ Sa,https://xeoxo.com/vn/danh-muc/ky-sa/,ky-sa,Áo dài Cẩm Tuyền,https://xeoxo.com/vn/san-pham/ao-dai-cam-tuyen/,ao-dai-cam-tuyen,collection_page,2026-06-26 14:51:42
Kỳ Sa,https://xeoxo.com/vn/danh-muc/ky-sa/,ky-sa,Áo dài Kim Ánh,https://xeoxo.com/vn/san-pham/ao-dai-kim-anh/,ao-dai-kim-anh,collection_page,2026-06-26 14:51:42
Kỳ Sa,https://xeoxo.com/vn/danh-muc/ky-sa/,ky-sa,Áo dài Lưu Ngọc,https://xeoxo.com/vn/san-pham/ao-dai-luu-ngoc/,ao-dai-luu-ngoc,collection_page,2026-06-26 14:51:42
Kỳ Sa,https://xeoxo.com/vn/danh-muc/ky-sa/,ky-sa,Áo dài Huỳnh Dao,https://xeoxo.com/vn/san-pham/ao-dai-huynh-dao/,ao-dai-huynh-dao,collection_page,2026-06-26 14:51:42
Kỳ Sa,https://xeoxo.com/vn/danh-muc/ky-sa/,ky-sa,Áo dài Thanh Kỳ,https://xeoxo.com/vn/san-pham/ao-dai-thanh-ky/,ao-dai-thanh-ky,collection_page,2026-06-26 14:51:42
Kỳ Sa,https://xeoxo.com/vn/danh-muc/ky-sa/,ky-sa,Áo dài Mai Chiêu,https://xeoxo.com/vn/san-pham/ao-dai-mai-chieu/,ao-dai-mai-chieu,collection_page,2026-06-26 14:51:42
Kỳ Sa,https://xeoxo.com/vn/danh-muc/ky-sa/,ky-sa,Áo dài Ngọc Nhu,https://xeoxo.com/vn/san-pham/ao-dai-ngoc-nhu/,ao-dai-ngoc-nhu,collection_page,2026-06-26 14:51:42
Kỳ Sa,https://xeoxo.com/vn/danh-muc/ky-sa/,ky-sa,Áo dài Phách Linh,https://xeoxo.com/vn/san-pham/ao-dai-phach-linh/,ao-dai-phach-linh,collection_page,2026-06-26 14:51:42
Kỳ Sa,https://xeoxo.com/vn/danh-muc/ky-sa/,ky-sa,Áo dài Sương Mai,https://xeoxo.com/vn/san-pham/ao-dai-suong-mai/,ao-dai-suong-mai,collection_page,2026-06-26 14:51:42
Kỳ Sa,https://xeoxo.com/vn/danh-muc/ky-sa/,ky-sa,Áo dài Tố Nhu,https://xeoxo.com/vn/san-pham/ao-dai-to-nhu/,ao-dai-to-nhu,collection_page,2026-06-26 14:51:42
Kỳ Sa,https://xeoxo.com/vn/danh-muc/ky-sa/,ky-sa,Áo dài Vũ Nhiên,https://xeoxo.com/vn/san-pham/ao-dai-vu-nhien/,ao-dai-vu-nhien,collection_page,2026-06-26 14:51:42
ĐINH,https://xeoxo.com/vn/danh-muc/dinh/,dinh,Áo dài Lục Nhạn,https://xeoxo.com/vn/san-pham/ao-dai-luc-nhan/,ao-dai-luc-nhan,collection_page,2026-06-26 14:51:44
ĐINH,https://xeoxo.com/vn/danh-muc/dinh/,dinh,Áo dài Mạc Nguy,https://xeoxo.com/vn/san-pham/ao-dai-mac-nguy/,ao-dai-mac-nguy,collection_page,2026-06-26 14:51:44
ĐINH,https://xeoxo.com/vn/danh-muc/dinh/,dinh,Áo dài Bách Hiên,https://xeoxo.com/vn/san-pham/ao-dai-bach-hien/,ao-dai-bach-hien,collection_page,2026-06-26 14:51:44
ĐINH,https://xeoxo.com/vn/danh-muc/dinh/,dinh,Áo dài Trường Liên,https://xeoxo.com/vn/san-pham/ao-dai-truong-lien/,ao-dai-truong-lien,collection_page,2026-06-26 14:51:44
ĐINH,https://xeoxo.com/vn/danh-muc/dinh/,dinh,Áo dài Phụng Viên,https://xeoxo.com/vn/san-pham/ao-dai-phung-vien/,ao-dai-phung-vien,collection_page,2026-06-26 14:51:44
ĐINH,https://xeoxo.com/vn/danh-muc/dinh/,dinh,Áo dài Nhã Lam,https://xeoxo.com/vn/san-pham/ao-dai-nha-lam/,ao-dai-nha-lam,collection_page,2026-06-26 14:51:44
ĐINH,https://xeoxo.com/vn/danh-muc/dinh/,dinh,Áo dài Lục Nguyên,https://xeoxo.com/vn/san-pham/ao-dai-luc-nguyen/,ao-dai-luc-nguyen,collection_page,2026-06-26 14:51:44
ĐINH,https://xeoxo.com/vn/danh-muc/dinh/,dinh,Áo dài Văn Phiến,https://xeoxo.com/vn/san-pham/ao-dai-van-phien/,ao-dai-van-phien,collection_page,2026-06-26 14:51:44
ĐINH,https://xeoxo.com/vn/danh-muc/dinh/,dinh,Áo dài Thạch Nhiên,https://xeoxo.com/vn/san-pham/ao-dai-thach-nhien/,ao-dai-thach-nhien,collection_page,2026-06-26 14:51:44
ĐINH,https://xeoxo.com/vn/danh-muc/dinh/,dinh,Áo dài Mạc Trúc,https://xeoxo.com/vn/san-pham/ao-dai-mac-truc/,ao-dai-mac-truc,collection_page,2026-06-26 14:51:44
ĐINH,https://xeoxo.com/vn/danh-muc/dinh/,dinh,Áo dài Trường Lam,https://xeoxo.com/vn/san-pham/ao-dai-truong-lam/,ao-dai-truong-lam,collection_page,2026-06-26 14:51:44
ĐINH,https://xeoxo.com/vn/danh-muc/dinh/,dinh,Áo dài Gia Hỷ,https://xeoxo.com/vn/san-pham/ao-dai-gia-hy/,ao-dai-gia-hy,collection_page,2026-06-26 14:51:44
ĐINH,https://xeoxo.com/vn/danh-muc/dinh/,dinh,Áo dài Nguyên Phong,https://xeoxo.com/vn/san-pham/ao-dai-nguyen-phong/,ao-dai-nguyen-phong,collection_page,2026-06-26 14:51:44
ĐINH,https://xeoxo.com/vn/danh-muc/dinh/,dinh,Áo dài Văn Lễ,https://xeoxo.com/vn/san-pham/ao-dai-van-le/,ao-dai-van-le,collection_page,2026-06-26 14:51:44
ĐINH,https://xeoxo.com/vn/danh-muc/dinh/,dinh,Áo Dài Dao Vinh,https://xeoxo.com/vn/san-pham/ao-dai-dao-vinh/,ao-dai-dao-vinh,collection_page,2026-06-26 14:51:44
ĐINH,https://xeoxo.com/vn/danh-muc/dinh/,dinh,Áo Dài Vũ Lăng,https://xeoxo.com/vn/san-pham/ao-dai-vu-lang/,ao-dai-vu-lang,collection_page,2026-06-26 14:51:44
ĐINH,https://xeoxo.com/vn/danh-muc/dinh/,dinh,Áo Dài Minh Tịnh,https://xeoxo.com/vn/san-pham/ao-dai-minh-tinh/,ao-dai-minh-tinh,collection_page,2026-06-26 14:51:44
ĐINH,https://xeoxo.com/vn/danh-muc/dinh/,dinh,Áo Dài Yên Lăng,https://xeoxo.com/vn/san-pham/ao-dai-yen-lang/,ao-dai-yen-lang,collection_page,2026-06-26 14:51:44
ĐINH,https://xeoxo.com/vn/danh-muc/dinh/,dinh,Áo Dài Phong Tường,https://xeoxo.com/vn/san-pham/ao-dai-phong-tuong/,ao-dai-phong-tuong,collection_page,2026-06-26 14:51:44
ĐINH,https://xeoxo.com/vn/danh-muc/dinh/,dinh,Áo dài Ngọc Chẩm,https://xeoxo.com/vn/san-pham/ao-dai-ngoc-cham/,ao-dai-ngoc-cham,collection_page,2026-06-26 14:51:44
ĐINH,https://xeoxo.com/vn/danh-muc/dinh/,dinh,Áo dài Thái Vũ,https://xeoxo.com/vn/san-pham/ao-dai-thai-vu/,ao-dai-thai-vu,collection_page,2026-06-26 14:51:44
ĐINH,https://xeoxo.com/vn/danh-muc/dinh/,dinh,Áo dài Sắc Kỳ,https://xeoxo.com/vn/san-pham/ao-dai-sac-ky/,ao-dai-sac-ky,collection_page,2026-06-26 14:51:44
